orderId,customerId,orderDate,shippedDate,deliveryDate,status,comments,employeeId
1,25,2/6/16 14:18,2/9/15 16:24,5/17/13 21:29,2,,22
2,401,5/10/16 19:22,6/8/16 23:06,4/6/16 17:45,4,,6
3,462,6/9/16 23:05,6/10/16 14:33,3/22/14 14:02,1,,5
4,312,1/5/15 11:42,5/10/14 15:09,2/19/16 10:57,3,,17
5,26,3/5/15 17:24,8/9/16 15:42,3/15/15 20:31,2,,6
6,22,5/4/14 16:02,9/15/13 22:38,4/12/16 12:06,2,,14
7,339,4/5/15 10:27,1/11/13 12:53,4/6/15 22:03,1,,16
8,436,5/1/14 15:14,6/15/15 17:25,6/8/14 12:42,2,,19
9,57,6/5/15 20:05,5/7/15 16:02,6/13/13 22:16,2,,14
10,149,3/12/13 19:01,7/11/16 17:54,5/9/13 15:05,4,,21
11,431,3/1/16 15:33,6/11/14 22:42,3/16/13 22:50,4,,3
12,492,4/3/14 18:38,6/11/16 14:11,3/11/14 13:56,1,,10
13,462,2/5/14 12:01,8/9/13 17:15,5/18/16 20:14,2,,10
14,262,4/9/13 15:22,3/19/15 20:08,5/18/14 16:16,1,,13
15,461,5/11/14 16:46,7/13/16 23:21,10/20/16 13:48,1,,14
16,300,7/9/14 19:03,8/12/15 12:02,4/12/16 23:25,1,,6
17,188,6/2/16 10:45,3/12/13 15:14,9/9/15 21:12,4,,25
18,303,6/12/16 15:50,6/22/15 22:55,9/14/14 20:10,3,,3
19,97,7/2/15 14:47,7/7/13 15:31,4/16/15 21:43,4,,24
20,146,4/7/13 22:47,8/13/15 11:24,4/17/14 23:34,3,,12
21,461,7/12/15 16:01,9/18/16 18:43,5/11/14 23:55,2,,21
22,426,4/12/14 16:31,7/18/13 13:37,6/16/14 14:25,1,,21
23,94,4/12/13 17:45,6/4/13 15:30,5/16/13 13:14,1,,10
24,450,6/5/16 22:12,4/13/16 10:03,7/8/14 16:14,4,,5
25,452,1/2/14 16:19,10/10/16 12:41,3/11/15 20:50,4,,1
26,198,4/11/14 18:07,10/8/13 20:20,4/13/16 19:39,2,,11
27,404,3/9/16 11:49,7/8/14 22:38,3/15/13 16:57,3,,25
28,76,3/11/15 22:52,5/22/14 10:58,9/19/16 12:35,1,,12
29,128,2/9/16 23:29,6/13/15 18:05,7/16/15 14:36,1,,15
30,79,7/3/16 11:03,4/13/16 13:07,5/9/14 20:05,2,,10
31,323,2/12/13 15:46,8/11/13 14:52,4/12/14 19:20,2,,25
32,205,5/10/16 14:33,8/18/14 10:02,5/13/13 16:41,1,,1
33,342,6/2/14 12:26,6/11/15 21:46,4/13/14 12:22,2,,5
34,297,6/4/16 11:19,9/13/14 17:31,2/8/14 10:08,1,,12
35,312,1/4/15 14:09,3/13/16 16:39,1/16/13 13:06,2,,25
36,311,3/3/13 12:39,3/20/15 23:11,5/22/15 19:18,4,,9
37,351,3/8/13 16:52,6/6/16 15:41,4/20/14 11:39,2,,8
38,129,5/3/16 17:39,4/6/14 19:53,2/20/15 19:58,4,,10
39,445,6/7/16 11:04,2/12/14 11:24,5/18/14 15:05,1,,1
40,459,3/6/15 19:03,4/2/13 16:14,6/27/13 22:44,4,,17
41,34,5/8/16 13:26,8/11/16 17:40,9/15/16 17:26,2,,19
42,442,5/8/15 18:11,7/9/14 13:43,7/11/14 11:26,3,,22
43,290,6/4/14 11:03,6/19/14 21:41,5/18/16 13:45,4,,19
44,73,5/9/14 10:57,5/16/16 21:14,4/13/14 21:41,4,,8
45,36,7/3/15 14:26,7/13/14 11:39,10/19/13 11:37,2,,24
46,27,7/10/15 17:59,3/20/13 17:09,3/15/13 16:59,4,,18
47,14,1/12/15 15:51,8/4/13 12:31,8/11/13 15:01,4,,13
48,263,3/8/13 10:18,1/18/16 11:05,4/21/13 20:47,1,,6
49,238,4/5/15 16:04,7/8/15 12:16,8/14/13 19:50,2,,17
50,320,5/8/16 19:50,4/14/15 17:13,6/12/14 19:53,1,,7
51,393,4/2/15 19:45,4/8/14 22:55,6/16/13 19:47,4,,6
52,227,7/4/16 18:19,5/18/15 13:15,4/16/16 13:17,1,,4
53,238,4/3/13 18:50,5/20/16 20:02,9/10/13 22:07,4,,19
54,297,6/9/15 22:19,4/18/14 19:39,9/19/13 11:33,2,,1
55,270,2/7/15 19:18,7/16/15 15:59,7/17/14 23:27,1,,2
56,147,4/6/14 22:09,2/14/13 22:02,3/21/15 19:17,3,,4
57,434,5/7/16 22:28,5/7/16 14:48,8/12/15 20:10,3,,17
58,206,7/10/13 20:34,2/21/16 15:40,4/19/13 19:16,4,,11
59,461,2/2/15 20:02,4/18/13 23:51,9/19/14 12:26,2,,4
60,60,7/10/13 21:08,4/9/16 23:31,8/23/15 13:39,2,,20
61,203,3/6/14 17:14,5/7/15 15:41,2/18/16 21:44,1,,1
62,242,3/11/15 12:08,7/12/14 19:55,8/11/15 21:24,3,,7
63,162,1/7/13 23:03,7/12/14 18:36,3/19/15 17:24,1,,8
64,53,6/6/14 15:02,6/11/16 17:32,8/19/15 14:30,2,,8
65,433,6/5/14 12:12,6/20/15 19:19,3/8/16 21:49,4,,10
66,324,3/5/14 17:14,2/16/14 16:10,1/25/13 15:09,4,,1
67,469,1/10/15 20:03,5/18/13 18:38,6/15/14 14:34,3,,5
68,245,7/1/13 22:18,4/15/14 18:34,8/17/16 13:41,2,,22
69,183,2/5/15 10:06,3/9/16 13:09,6/14/15 11:27,1,,4
70,114,6/11/14 14:10,6/13/15 22:23,5/11/15 22:31,4,,9
71,357,5/6/15 21:54,7/15/15 12:25,10/16/15 20:43,4,,18
72,451,1/4/14 15:22,1/12/16 11:17,8/17/15 17:55,1,,4
73,231,7/9/14 13:28,3/9/13 13:14,7/17/13 17:25,2,,4
74,310,7/3/15 19:23,4/5/14 14:07,6/19/15 18:11,1,,15
75,85,3/5/13 15:57,5/8/16 10:32,6/11/16 17:20,1,,2
76,428,6/9/16 18:41,7/12/15 16:18,3/16/14 13:55,2,,8
77,146,4/3/15 16:43,2/10/16 12:26,8/7/16 11:52,4,,23
78,493,7/8/15 20:23,6/10/16 11:26,3/4/14 12:06,1,,25
79,187,1/2/15 17:14,8/13/13 18:30,9/23/15 16:39,4,,25
80,192,2/12/14 23:38,4/19/16 16:31,4/10/13 23:15,4,,7
81,446,4/6/16 15:57,9/17/15 21:05,5/26/13 19:48,1,,21
82,352,6/7/13 20:14,7/19/14 12:56,2/13/15 20:09,3,,15
83,270,7/10/15 11:24,9/10/16 16:47,4/10/13 13:15,4,,14
84,411,2/8/16 19:54,2/11/16 22:27,4/18/13 16:19,3,,6
85,333,1/10/14 10:43,4/8/13 23:19,3/16/15 13:57,4,,23
86,171,4/6/13 18:17,1/19/13 21:30,4/15/16 16:19,2,,25
87,311,6/3/15 13:20,3/11/15 18:22,7/10/16 18:52,2,,11
88,222,4/9/16 12:41,6/11/14 18:02,4/12/14 10:27,1,,8
89,154,1/5/13 11:22,8/12/16 11:24,4/7/13 18:56,2,,22
90,48,2/2/15 13:06,4/9/13 22:06,4/19/14 16:23,1,,6
91,188,5/10/13 14:11,5/10/14 12:17,2/15/15 21:04,2,,25
92,157,2/8/15 10:41,5/12/15 16:28,2/17/14 12:38,4,,3
93,46,3/3/13 16:38,7/13/15 20:49,6/17/14 14:04,1,,4
94,405,5/8/15 11:53,7/13/14 17:51,1/22/13 14:26,4,,9
95,105,6/8/14 22:48,6/17/13 19:05,3/23/15 17:18,2,,9
96,496,5/10/14 11:35,1/3/14 10:52,2/15/13 18:35,1,,14
97,329,2/3/13 22:37,5/11/16 10:38,7/11/13 17:18,2,,9
98,181,3/2/15 17:42,5/15/16 18:20,7/24/13 20:38,2,,19
99,460,6/7/16 11:56,6/6/13 22:19,9/19/14 21:45,2,,13
100,472,6/10/16 20:27,3/18/14 10:51,2/22/14 23:46,2,,13
101,459,5/4/16 21:49,7/13/15 16:28,4/17/15 23:12,1,,12
102,403,7/11/14 15:57,5/15/15 18:36,2/16/16 23:41,1,,5
103,295,3/7/14 14:58,1/10/15 13:44,3/13/15 10:29,1,,8
104,218,3/3/15 20:38,7/8/16 21:18,7/9/16 21:49,2,,25
105,435,6/6/16 18:01,4/11/15 21:29,4/17/14 17:32,1,,22
106,58,3/11/15 10:10,3/5/14 19:35,2/18/14 20:34,3,,18
107,37,1/2/13 11:14,5/13/13 22:47,5/19/13 10:53,3,,14
108,58,4/8/15 23:10,4/13/14 11:07,5/20/16 21:59,2,,15
109,462,6/10/15 22:34,7/21/14 16:29,8/18/14 11:53,2,,19
110,420,3/1/14 17:13,7/10/15 20:38,4/17/14 20:20,4,,11
111,264,2/7/16 20:42,3/12/16 22:25,8/9/16 15:14,2,,3
112,357,7/4/16 18:26,3/6/13 13:18,9/20/16 10:29,1,,23
113,332,1/7/15 15:45,2/19/13 21:50,6/12/15 21:24,2,,14
114,202,1/8/16 20:28,2/18/15 12:20,5/17/15 22:21,3,,17
115,75,4/4/15 23:03,6/11/15 13:39,6/23/13 19:23,1,,8
116,131,7/10/15 13:24,6/9/14 18:53,5/19/14 20:40,4,,18
117,152,6/8/15 17:24,6/7/14 11:28,8/21/15 16:23,3,,22
118,478,3/12/14 23:20,4/19/16 19:49,7/19/15 18:06,4,,24
119,254,3/12/16 17:02,3/12/15 20:47,9/19/16 16:30,1,,11
120,227,6/3/13 14:43,2/13/15 18:54,5/26/14 21:41,4,,5
121,453,4/9/15 22:03,7/2/14 23:35,5/15/16 18:39,3,,25
122,169,6/6/16 13:42,8/9/15 13:16,4/13/15 12:59,2,,18
123,379,7/8/16 17:25,7/10/15 15:24,6/12/13 14:11,4,,6
124,446,1/11/13 17:39,1/17/13 12:06,6/13/13 18:46,1,,19
125,46,1/8/14 21:52,7/19/13 12:16,6/9/16 11:23,1,,19
126,331,7/1/16 18:03,7/16/14 14:44,5/17/13 20:45,2,,3
127,72,1/1/16 16:08,5/10/15 12:35,9/5/15 13:04,3,,1
128,132,7/5/16 16:43,4/21/15 18:38,10/14/14 10:16,2,,10
129,274,6/7/16 21:51,8/14/15 23:06,7/19/14 16:51,3,,16
130,323,5/5/16 23:05,3/13/16 23:44,10/18/14 12:57,4,,6
131,139,3/1/16 21:07,7/8/16 18:14,5/21/16 14:24,4,,19
132,40,7/10/14 10:33,1/15/16 23:18,7/10/15 12:48,2,,5
133,246,5/6/16 21:39,7/8/16 14:14,4/21/16 20:06,3,,10
134,64,6/9/14 21:13,5/9/13 20:20,4/18/14 14:41,4,,15
135,243,3/2/15 17:40,3/15/16 13:59,7/20/13 13:10,2,,15
136,353,4/11/14 21:20,8/15/15 14:06,4/17/15 11:07,3,,13
137,122,4/10/13 17:05,5/7/14 17:27,4/18/14 15:54,3,,9
138,413,4/10/13 14:40,4/22/14 22:49,9/12/15 20:09,4,,12
139,147,6/8/14 15:47,8/9/14 21:01,6/17/15 12:55,2,,12
140,309,5/1/16 21:15,5/10/16 17:18,4/12/15 14:18,3,,17
141,315,7/4/15 14:54,7/5/14 20:09,7/12/14 15:08,1,,10
142,111,6/3/16 20:56,4/17/15 12:04,9/15/13 11:49,4,,16
143,119,1/4/13 15:04,9/15/16 10:20,9/17/15 13:03,2,,2
144,8,2/1/13 11:26,7/10/16 21:53,4/17/15 18:40,2,,17
145,59,4/11/16 23:52,4/12/14 16:43,7/14/16 12:19,2,,22
146,26,1/8/14 18:04,4/13/16 21:27,4/7/16 18:06,1,,8
147,251,7/6/14 10:07,1/4/13 13:19,5/5/13 15:50,4,,16
148,264,6/12/16 12:12,7/18/14 19:33,2/10/14 12:33,3,,10
149,100,4/10/13 23:10,5/10/16 11:50,6/17/15 16:16,1,,13
150,11,6/5/16 16:30,7/10/14 17:50,5/8/13 10:57,3,,20
151,249,5/3/14 23:34,1/17/15 18:52,6/16/13 19:39,3,,13
152,265,2/6/16 17:40,3/18/13 12:54,4/12/16 17:41,3,,14
153,152,1/11/14 17:16,5/10/16 15:02,6/8/14 19:39,4,,24
154,338,3/3/15 17:08,7/8/16 12:51,3/22/13 23:32,2,,9
155,353,3/3/15 10:24,4/9/15 23:28,6/23/13 16:52,1,,9
156,194,5/1/13 19:56,1/10/13 11:44,5/13/15 14:51,1,,22
157,262,1/4/14 22:41,5/12/15 12:39,6/11/16 18:41,4,,17
158,200,5/8/16 13:26,9/3/14 19:30,7/16/14 11:06,2,,15
159,177,1/11/14 10:13,5/8/14 22:32,5/10/13 16:04,2,,24
160,134,3/10/16 12:30,6/11/13 11:38,2/16/15 11:36,4,,12
161,389,7/5/13 21:13,4/9/13 20:37,2/21/16 13:50,1,,17
162,297,7/10/16 18:42,5/16/15 20:48,4/25/15 13:12,1,,2
163,248,2/9/15 15:16,3/17/15 14:10,1/13/14 15:25,4,,10
164,441,7/10/14 12:49,7/16/13 16:12,1/11/13 16:13,4,,15
165,35,3/6/16 19:34,6/6/16 12:26,1/15/13 14:57,4,,17
166,306,1/7/14 23:29,3/17/14 12:17,2/10/16 21:50,3,,5
167,10,7/1/16 17:37,4/17/13 23:57,8/15/14 20:10,2,,17
168,212,3/5/14 16:40,3/12/13 22:42,7/13/16 18:11,2,,20
169,485,5/5/16 13:40,4/8/14 18:55,7/16/15 23:27,2,,16
170,175,5/9/13 16:14,7/8/16 23:27,7/13/14 13:20,4,,13
171,306,5/9/13 22:20,3/17/15 20:07,6/11/15 14:35,1,,17
172,115,2/5/14 19:46,6/18/13 13:37,6/9/16 17:39,3,,11
173,88,1/1/14 21:01,5/20/15 10:18,7/13/15 23:50,4,,2
174,432,2/11/16 16:19,2/7/13 16:17,8/9/16 16:06,2,,11
175,227,4/5/14 14:51,7/5/13 18:32,5/16/16 15:29,3,,9
176,406,3/1/14 21:34,3/12/15 20:52,4/10/14 12:36,1,,11
177,125,2/4/16 18:06,5/15/13 11:31,6/11/16 19:47,2,,20
178,324,4/1/14 18:59,3/7/13 22:06,6/16/14 22:39,4,,9
179,87,5/1/13 13:57,9/10/15 13:07,10/16/15 10:32,1,,20
180,259,1/12/13 15:48,6/7/15 17:51,3/10/15 12:10,2,,6
181,184,7/1/14 17:32,4/6/14 19:17,7/11/14 12:36,2,,21
182,147,2/9/15 23:09,5/12/13 19:42,6/12/14 10:23,3,,4
183,168,1/5/14 19:53,1/8/15 17:47,9/12/14 15:58,2,,25
184,159,5/9/13 22:54,5/9/13 14:38,6/12/13 10:37,1,,2
185,24,6/4/13 21:08,4/13/13 15:48,7/17/16 16:01,4,,12
186,456,2/6/16 12:56,4/11/14 16:27,7/17/14 23:17,2,,6
187,145,7/1/15 22:15,9/2/15 22:21,4/8/15 17:47,3,,9
188,64,2/5/15 16:41,6/20/15 11:06,7/11/14 19:48,4,,20
189,428,3/5/16 18:04,4/14/16 14:03,2/17/14 18:37,2,,24
190,90,4/8/16 10:52,9/16/13 23:27,9/4/16 13:37,4,,7
191,300,3/6/13 23:31,1/8/13 19:32,4/11/16 12:38,3,,7
192,260,3/8/16 12:04,2/11/16 23:06,9/22/13 21:42,3,,21
193,115,1/4/16 21:59,9/16/13 23:58,8/11/13 10:55,4,,7
194,376,2/6/14 14:30,6/11/13 23:14,8/21/15 21:23,1,,5
195,371,6/2/16 22:51,9/9/13 11:11,5/17/16 11:50,4,,3
196,339,2/7/16 20:09,4/7/16 18:56,4/16/16 14:30,4,,4
197,84,1/12/13 19:44,5/15/14 13:57,6/15/16 12:51,2,,5
198,57,2/9/15 16:38,5/13/13 10:30,5/7/16 21:22,4,,1
199,407,3/3/13 18:23,5/20/14 16:55,3/9/14 11:55,2,,6
200,111,3/3/15 22:26,2/19/14 23:21,9/20/16 17:43,3,,15
201,292,3/3/15 14:59,7/3/16 23:54,6/25/15 19:56,1,,22
202,441,6/3/15 20:31,3/13/13 22:21,5/16/15 20:34,1,,11
203,122,4/7/13 12:51,8/4/15 16:02,6/13/13 17:57,4,,5
204,490,6/1/15 18:34,1/11/14 20:02,6/18/13 16:08,3,,6
205,251,5/3/15 18:14,6/20/14 11:41,7/19/16 18:10,3,,15
206,495,7/8/13 22:16,6/10/13 15:19,2/7/16 17:57,4,,14
207,215,3/6/13 12:09,3/8/16 11:41,9/9/15 12:57,1,,17
208,469,7/9/16 16:10,9/14/13 19:47,8/19/16 21:01,3,,11
209,404,3/1/14 22:42,7/10/16 11:54,6/6/15 18:01,4,,16
210,305,2/1/15 10:34,7/18/13 13:56,7/6/13 19:29,4,,17
211,469,6/1/16 17:27,9/5/13 15:53,4/19/16 18:47,2,,2
212,40,3/6/15 18:42,6/10/13 10:04,10/18/16 12:48,4,,1
213,102,5/5/14 16:47,10/9/15 15:43,8/10/16 10:53,3,,18
214,49,6/1/15 17:05,4/8/13 14:16,5/19/14 23:29,2,,10
215,199,4/5/16 23:13,8/9/15 14:43,8/10/13 13:47,3,,4
216,488,1/6/16 20:14,3/6/15 19:33,4/19/14 21:02,1,,2
217,367,1/9/16 17:05,5/16/14 20:46,3/16/16 23:40,4,,2
218,43,4/10/14 18:03,1/10/13 12:54,6/15/13 23:21,4,,14
219,493,2/7/14 16:06,4/19/15 19:33,5/20/14 14:41,4,,18
220,254,2/6/14 18:14,7/11/15 18:01,9/19/13 11:09,4,,11
221,195,5/7/13 12:51,7/15/15 13:26,2/12/15 22:09,2,,11
222,447,3/12/16 23:13,3/18/15 18:30,10/12/14 15:19,1,,21
223,441,4/5/15 10:19,4/21/15 21:43,4/22/15 21:56,1,,18
224,213,2/3/14 15:24,4/8/15 11:01,7/6/15 17:09,4,,23
225,61,3/5/16 20:21,7/9/13 10:27,2/17/14 19:28,1,,14
226,124,6/3/16 19:43,2/8/15 21:31,4/15/16 20:27,3,,24
227,329,6/4/16 17:42,9/5/15 13:51,9/15/15 15:34,1,,20
228,1,3/2/14 15:03,7/18/14 11:15,7/7/16 21:39,3,,2
229,16,1/3/15 19:25,4/13/16 21:07,5/16/15 22:37,1,,19
230,221,2/12/14 11:20,3/16/15 19:53,2/17/16 22:42,3,,2
231,229,2/3/14 15:34,3/12/14 18:46,5/11/16 10:21,2,,12
232,79,1/1/14 23:10,1/8/16 22:44,6/18/15 14:43,1,,15
233,253,3/12/15 12:39,9/8/13 20:45,5/15/14 21:25,4,,8
234,465,6/12/13 13:45,5/14/13 12:48,1/14/16 15:51,4,,17
235,365,6/5/16 16:25,6/11/16 21:28,6/18/15 23:20,1,,12
236,408,5/4/16 23:32,6/6/14 12:30,9/22/14 10:45,3,,22
237,386,5/8/14 21:20,8/16/13 12:28,5/13/15 12:09,1,,3
238,122,7/9/14 15:20,3/21/14 14:25,6/14/14 19:44,4,,3
239,194,5/2/14 21:08,3/10/14 12:22,7/21/13 16:36,4,,5
240,334,4/12/16 23:35,8/12/15 19:53,5/14/13 23:03,1,,19
241,51,4/11/14 13:33,10/11/14 19:17,5/18/14 18:40,1,,24
242,483,6/1/14 23:43,3/17/16 17:51,4/17/14 17:57,1,,23
243,317,1/3/15 22:51,6/12/13 14:52,8/7/14 14:42,4,,15
244,195,1/4/15 22:36,7/15/16 15:33,5/14/13 13:47,3,,19
245,343,7/9/16 12:21,3/11/16 12:51,10/15/13 15:15,4,,15
246,476,6/1/15 23:06,7/12/16 16:55,7/13/13 10:50,4,,17
247,373,6/8/14 19:50,3/17/15 20:17,6/20/15 18:48,2,,21
248,321,7/1/13 22:09,6/20/13 15:08,7/7/15 12:49,2,,16
249,254,5/12/13 18:33,10/2/15 19:33,4/12/14 11:24,2,,3
250,472,6/8/14 13:14,4/15/15 12:31,6/13/15 22:34,4,,14
251,223,6/8/14 19:31,5/11/15 20:46,6/12/15 10:23,4,,20
252,212,2/9/15 19:13,3/15/16 14:53,6/8/13 13:38,2,,7
253,429,6/11/16 17:51,9/20/16 13:15,9/11/14 11:03,1,,23
254,200,1/4/15 10:50,7/15/13 20:58,6/21/14 14:33,4,,24
255,338,2/10/14 14:26,4/12/15 14:56,6/24/14 16:13,4,,9
256,481,3/1/14 21:18,5/12/16 20:40,8/19/14 12:37,4,,25
257,194,5/6/14 13:45,10/11/16 20:17,8/20/14 13:09,2,,25
258,284,1/6/13 23:48,4/5/16 14:35,7/17/15 12:27,4,,19
259,163,7/2/16 12:25,5/6/13 13:57,7/24/14 12:11,1,,21
260,208,6/1/16 13:55,5/10/14 13:12,4/15/13 21:23,2,,22
261,14,7/12/15 10:22,5/14/13 20:04,2/4/13 15:29,1,,21
262,290,2/4/15 16:20,8/18/16 23:24,5/14/16 16:17,4,,2
263,229,7/12/16 17:22,5/7/13 11:37,7/15/16 22:42,2,,1
264,167,1/11/16 22:55,7/12/14 21:29,9/12/14 14:21,2,,5
265,231,6/12/15 19:59,4/19/14 15:23,2/12/15 19:30,2,,23
266,144,6/11/14 10:23,4/17/14 21:35,4/22/14 17:25,4,,9
267,185,7/10/16 15:04,6/20/15 13:57,7/20/16 21:03,2,,14
268,58,3/9/15 12:39,2/9/14 16:37,10/10/13 11:46,3,,22
269,25,4/12/14 20:17,7/12/14 19:47,2/16/16 12:07,4,,2
270,46,6/3/15 20:40,4/3/15 10:52,6/11/16 21:47,1,,8
271,130,4/12/14 16:25,2/11/14 22:05,6/15/15 14:35,1,,11
272,355,2/5/14 23:18,6/14/16 17:14,1/26/14 11:17,3,,1
273,129,1/3/13 14:30,6/20/13 20:41,7/19/14 18:22,2,,24
274,398,1/7/15 20:44,8/8/13 21:47,3/15/13 23:07,4,,8
275,354,5/10/13 15:11,2/15/16 22:08,5/14/15 16:19,4,,24
276,455,2/3/14 12:17,8/13/15 11:53,6/18/15 10:27,2,,20
277,339,3/2/13 23:46,4/6/14 13:36,5/25/16 20:39,1,,15
278,331,3/4/15 11:34,5/6/14 14:46,5/12/14 22:16,3,,8
279,340,1/8/16 23:25,2/16/14 15:06,6/22/16 14:13,3,,23
280,319,6/12/13 10:14,7/18/15 18:45,5/16/13 11:34,2,,17
281,361,2/7/13 19:29,4/9/14 13:33,4/14/14 19:02,3,,8
282,324,4/7/15 13:19,5/9/15 21:37,10/8/15 18:38,1,,6
283,179,7/2/13 22:05,9/8/13 16:04,5/17/14 11:15,4,,20
284,91,5/8/15 23:29,6/5/13 18:09,3/15/14 14:11,4,,11
285,234,7/4/14 16:20,4/3/16 17:16,1/16/13 18:27,4,,5
286,18,7/10/16 15:06,8/9/14 11:11,8/14/13 19:26,2,,4
287,4,7/9/13 17:25,6/7/15 16:48,5/19/16 15:08,4,,17
288,203,3/10/14 15:09,4/11/14 11:11,6/12/13 15:03,2,,2
289,194,6/3/13 14:44,5/7/16 11:16,3/26/15 16:06,3,,24
290,50,1/12/16 13:01,4/6/16 17:11,7/10/13 10:17,1,,3
291,323,3/10/14 20:51,7/16/15 23:37,3/8/15 20:17,1,,15
292,140,7/7/13 22:52,1/9/14 23:08,5/23/14 11:37,1,,22
293,382,6/2/15 20:51,6/8/13 13:51,5/12/13 15:27,2,,8
294,425,6/5/14 14:42,3/6/16 20:57,4/17/13 11:39,1,,8
295,258,6/12/16 19:46,5/18/15 15:39,5/17/16 20:50,4,,24
296,49,2/2/14 20:46,3/16/13 19:25,9/14/16 16:57,3,,25
297,285,6/12/13 13:05,2/4/13 19:21,6/23/16 12:37,2,,16
298,239,6/9/15 11:48,7/14/13 14:28,6/17/16 10:09,2,,18
299,360,4/2/16 19:23,3/14/13 23:58,3/15/15 17:43,4,,5
300,58,3/10/16 16:18,3/22/13 23:43,8/12/14 16:19,2,,20
301,482,2/10/16 23:47,2/5/15 19:35,6/11/16 11:38,1,,14
302,245,4/6/15 19:33,4/8/16 22:32,9/13/16 23:28,1,,7
303,209,2/8/15 16:34,7/9/16 11:55,4/21/13 15:57,1,,25
304,51,4/7/13 20:53,4/7/13 13:17,5/12/15 21:22,4,,19
305,63,5/7/13 11:26,8/17/15 14:57,2/17/16 23:38,2,,2
306,174,2/9/14 15:35,5/14/14 20:43,7/15/15 20:55,1,,17
307,50,7/10/15 16:13,5/14/16 23:20,10/21/16 10:05,1,,4
308,466,5/8/14 19:05,4/13/13 11:06,3/18/15 17:13,4,,10
309,442,1/9/16 14:28,2/10/15 22:05,5/19/15 17:11,1,,20
310,489,6/12/14 17:42,4/3/13 14:36,8/20/16 16:03,3,,7
311,294,1/6/14 18:59,5/14/14 14:36,4/17/16 16:46,4,,1
312,267,7/2/16 22:51,7/16/13 18:21,6/20/14 19:28,1,,8
313,373,1/7/15 23:16,5/10/16 21:52,4/9/13 22:12,2,,20
314,385,5/8/15 13:07,10/20/15 17:19,4/16/14 11:02,4,,14
315,2,6/2/14 11:19,3/15/14 11:34,4/18/14 12:51,1,,2
316,441,5/12/14 11:50,10/17/16 21:23,3/11/13 15:33,3,,6
317,18,3/12/16 21:32,5/10/14 10:45,3/5/14 18:56,1,,12
318,247,3/3/16 19:44,7/13/16 12:38,6/12/16 21:10,4,,13
319,130,4/5/14 17:53,7/10/15 20:18,4/17/16 13:01,1,,4
320,188,4/1/15 17:57,9/20/14 22:49,5/17/15 14:47,4,,25
321,63,1/6/15 19:46,6/16/15 19:47,7/14/16 18:22,2,,13
322,21,2/12/15 11:15,5/19/15 22:57,5/16/13 23:23,2,,17
323,149,5/9/14 12:55,5/12/14 22:45,3/17/13 17:30,4,,5
324,463,2/12/13 22:47,7/12/15 12:21,2/20/13 16:31,2,,25
325,362,4/9/16 15:26,8/9/13 13:51,8/13/14 23:47,2,,7
326,202,6/5/15 16:05,7/9/16 10:48,2/18/15 14:31,1,,4
327,415,2/10/13 10:39,9/14/16 23:42,9/26/13 18:11,4,,5
328,28,7/5/15 17:26,8/13/14 13:59,6/21/15 11:32,2,,10
329,418,6/10/16 18:37,7/15/16 14:17,3/14/15 16:12,3,,2
330,123,5/7/14 19:04,5/13/15 16:19,5/15/13 23:16,2,,9
331,108,6/2/15 15:43,4/13/16 10:55,6/17/15 14:39,2,,23
332,446,1/8/14 19:50,2/14/14 10:36,3/15/14 14:17,4,,19
333,117,4/5/16 20:07,8/13/15 11:26,4/13/14 19:50,4,,5
334,138,7/11/14 13:51,1/11/16 14:29,7/20/14 14:35,2,,23
335,246,6/3/16 15:38,4/8/16 22:06,8/22/16 11:18,2,,4
336,488,6/4/13 21:50,5/7/16 17:41,9/10/14 10:16,4,,22
337,3,3/10/14 10:33,1/15/15 17:51,3/4/16 20:25,4,,21
338,259,1/11/13 19:24,7/16/16 23:33,5/22/13 10:55,3,,3
339,119,6/10/14 14:29,9/13/14 15:29,5/10/13 15:07,2,,20
340,170,3/4/15 19:01,3/11/15 19:01,3/17/14 11:11,4,,17
341,307,1/10/15 15:36,6/3/14 12:43,6/14/13 14:10,1,,8
342,274,2/10/15 15:11,1/13/16 22:21,4/13/13 12:31,4,,22
343,385,5/9/15 10:22,6/13/14 13:10,4/9/15 11:38,2,,7
344,171,5/3/14 15:31,3/8/16 18:28,6/19/16 20:56,1,,22
345,101,6/10/16 21:36,5/13/15 23:24,4/17/15 16:35,4,,5
346,108,7/4/13 23:11,7/14/13 14:40,8/12/13 18:34,3,,11
347,359,3/6/13 10:19,6/11/14 13:47,5/16/14 14:32,1,,3
348,325,2/1/15 15:24,4/10/14 13:41,9/20/13 12:04,4,,1
349,196,6/12/15 10:02,6/11/15 19:08,5/15/14 23:13,3,,14
350,445,6/6/16 10:47,9/12/14 10:15,6/16/15 10:59,1,,6
351,1,1/11/14 10:17,9/15/14 12:50,6/6/16 12:13,4,,24
352,206,1/10/15 15:50,4/4/13 19:54,6/17/14 22:39,3,,16
353,88,5/3/13 20:40,9/5/15 10:40,7/18/15 21:10,1,,15
354,89,2/12/14 20:20,7/10/15 18:29,5/20/16 18:38,2,,24
355,85,6/3/13 15:21,2/16/14 15:44,7/22/13 19:44,4,,23
356,335,3/12/15 12:28,5/9/16 21:30,7/17/15 20:56,4,,8
357,363,7/11/15 13:26,7/14/13 13:43,4/15/16 16:38,4,,2
358,169,6/6/16 14:06,9/2/15 13:58,2/22/14 22:50,4,,6
359,66,7/4/13 11:06,7/4/13 22:48,1/13/15 23:03,2,,7
360,303,6/8/13 17:48,5/7/15 21:23,7/11/16 13:50,2,,20
361,263,5/4/16 23:21,3/16/16 18:47,2/14/13 13:16,2,,7
362,37,4/7/16 14:54,8/10/15 20:31,3/7/13 12:05,4,,3
363,108,1/4/13 12:09,8/4/14 19:15,6/14/13 19:33,2,,16
364,242,3/12/15 15:56,3/14/15 20:34,5/15/14 22:13,1,,15
365,313,4/1/15 12:16,8/16/15 22:42,8/12/16 23:19,4,,16
366,258,6/5/15 21:39,5/17/13 22:15,1/8/16 18:58,3,,10
367,239,4/8/15 10:38,3/12/14 19:48,8/11/14 11:08,1,,3
368,448,7/8/14 17:55,5/16/16 21:38,3/12/15 18:36,4,,17
369,65,6/6/15 23:40,4/21/16 15:10,3/20/16 23:32,4,,12
370,483,2/7/15 21:20,10/15/14 23:12,6/16/15 20:41,2,,1
371,272,1/8/13 19:50,7/21/16 20:18,3/19/13 15:37,3,,18
372,181,2/2/14 12:37,8/15/13 16:11,9/21/15 19:15,2,,9
373,145,3/12/13 20:55,6/12/15 12:57,2/21/15 17:07,1,,6
374,21,7/9/14 23:02,4/11/14 21:52,2/23/13 13:47,3,,1
375,465,1/5/15 21:46,9/9/15 15:33,6/7/15 16:28,2,,16
376,495,1/3/14 21:24,8/12/15 21:13,3/24/16 10:15,4,,12
377,496,6/10/15 16:10,5/9/15 22:01,10/22/13 23:29,3,,19
378,78,3/8/16 23:20,2/10/14 14:18,5/11/14 15:21,3,,14
379,396,6/1/14 16:53,4/17/13 14:32,4/20/13 12:30,4,,2
380,337,3/10/15 15:30,3/9/15 16:45,5/21/16 10:42,1,,24
381,29,1/10/16 21:31,7/10/15 17:27,5/18/15 20:08,2,,2
382,133,6/12/16 22:34,4/17/14 14:57,3/16/16 22:05,1,,16
383,29,4/9/13 23:56,6/9/16 22:45,3/18/13 15:30,4,,12
384,88,1/7/13 22:23,7/3/16 22:03,5/18/15 14:49,1,,11
385,434,6/8/13 12:49,7/11/16 17:16,1/10/14 11:25,4,,5
386,129,4/1/13 19:01,7/15/16 13:08,4/10/13 13:26,1,,2
387,343,3/5/13 13:44,9/12/15 21:22,5/21/15 13:41,4,,4
388,155,7/6/15 17:29,10/13/13 10:32,6/16/15 10:34,1,,21
389,307,1/11/15 17:45,5/18/14 12:21,4/17/16 23:06,3,,23
390,247,3/4/14 13:26,6/11/16 16:09,4/24/15 13:20,4,,23
391,146,4/9/13 19:16,10/17/16 22:19,7/17/14 13:59,2,,8
392,334,3/8/15 15:53,7/16/14 23:26,9/8/14 17:23,2,,8
393,266,6/4/16 13:36,5/11/15 10:32,8/11/16 22:20,2,,8
394,46,5/2/13 13:18,7/10/14 14:48,4/19/15 23:46,3,,13
395,141,3/6/14 10:01,5/13/16 21:25,7/25/14 12:04,1,,6
396,71,3/1/16 23:24,4/18/15 19:01,1/21/14 16:15,2,,19
397,102,2/12/15 15:45,8/19/13 16:53,9/15/13 21:37,1,,10
398,149,2/1/14 20:34,7/10/14 22:23,7/9/14 15:47,3,,17
399,477,5/5/16 19:13,4/12/13 14:36,6/16/16 16:14,1,,24
400,352,3/2/16 23:33,5/16/16 13:20,4/7/13 16:54,4,,19
401,167,7/9/13 19:12,7/14/13 23:02,5/20/13 20:51,3,,24
402,426,4/7/13 20:23,6/14/16 12:18,8/16/15 10:10,3,,8
403,91,2/4/16 10:36,5/12/16 12:16,6/14/13 23:17,4,,5
404,303,3/4/16 20:41,4/18/16 16:43,9/11/14 13:25,2,,2
405,365,3/7/15 10:38,9/19/15 10:37,6/10/14 16:30,2,,2
406,287,6/2/14 14:20,5/11/14 15:01,8/22/13 19:40,2,,2
407,119,7/8/13 14:34,8/14/15 10:05,6/12/14 21:11,1,,4
408,480,1/6/16 14:05,7/12/16 10:58,9/16/13 15:28,4,,2
409,275,3/7/14 23:26,8/17/14 19:46,8/27/14 13:40,3,,19
410,342,7/3/14 16:29,7/3/13 18:09,3/22/16 10:02,1,,22
411,151,2/9/13 12:09,5/12/16 22:43,3/20/14 21:54,1,,25
412,452,1/3/15 22:56,4/8/14 14:56,6/17/15 16:07,1,,23
413,12,7/10/14 16:48,8/12/13 19:23,1/8/15 19:43,4,,24
414,236,7/6/15 22:46,4/8/15 10:47,5/13/14 15:58,3,,18
415,351,5/8/15 14:18,3/8/15 12:03,7/9/15 21:53,3,,15
416,438,6/11/13 19:54,10/12/16 15:45,4/15/15 18:15,1,,14
417,223,2/10/14 14:38,4/17/14 11:19,6/18/15 22:56,4,,7
418,159,4/9/16 19:28,7/18/13 11:52,6/13/14 23:50,1,,11
419,90,1/4/15 14:03,3/13/13 20:54,4/18/14 16:57,4,,9
420,146,6/10/15 18:47,3/12/13 23:14,8/12/16 17:01,2,,18
421,41,1/10/15 15:35,5/12/14 10:07,8/13/15 14:49,3,,21
422,346,4/2/13 17:02,6/12/16 22:35,3/15/14 10:48,2,,25
423,436,4/11/16 17:42,7/6/15 13:59,7/22/13 12:13,1,,23
424,307,5/11/13 21:28,5/19/16 23:36,7/18/15 11:55,2,,8
425,147,4/2/16 20:03,3/7/14 11:26,8/17/13 19:14,3,,8
426,387,2/7/13 23:40,3/4/13 19:05,5/20/16 17:40,2,,10
427,81,3/9/16 21:51,6/5/15 18:33,4/21/13 22:18,3,,16
428,336,4/7/13 10:57,7/12/13 11:45,6/11/14 10:46,2,,14
429,309,3/3/13 13:46,7/15/13 13:39,5/14/14 21:05,4,,10
430,251,1/7/16 11:25,8/11/14 19:18,5/20/16 15:14,1,,18
431,88,2/3/13 18:09,5/5/15 17:26,7/23/13 12:30,2,,13
432,39,3/5/15 15:16,6/16/16 19:57,7/7/13 13:45,2,,17
433,472,5/9/15 16:09,4/9/13 12:25,3/20/15 23:19,4,,8
434,333,7/1/14 23:57,2/9/13 23:20,3/11/15 21:37,1,,9
435,50,4/8/15 22:39,7/13/13 13:55,1/14/13 14:28,2,,11
436,421,2/9/13 22:02,2/12/15 17:34,6/11/15 15:17,2,,23
437,210,6/10/16 11:33,3/12/15 23:34,3/24/13 12:06,3,,1
438,92,2/6/16 23:19,7/9/13 22:40,3/13/16 16:06,3,,3
439,433,3/2/15 16:12,3/8/16 10:36,4/14/14 17:32,2,,18
440,198,1/9/16 12:19,4/12/16 16:09,3/15/16 18:38,1,,19
441,343,6/4/13 18:10,9/7/14 14:28,5/14/15 16:49,2,,21
442,91,6/1/14 10:56,3/4/13 16:07,6/18/13 16:33,2,,19
443,99,1/5/15 10:53,6/11/14 21:29,7/13/15 14:51,3,,14
444,426,4/10/15 15:33,4/15/15 21:23,4/12/16 23:27,4,,19
445,138,4/10/13 22:29,7/17/16 13:38,3/12/13 12:03,3,,17
446,76,4/1/15 13:01,8/10/14 13:44,5/17/13 21:38,2,,7
447,134,1/3/14 17:37,5/19/15 14:04,3/19/14 14:52,2,,4
448,71,3/8/13 22:33,7/6/15 21:55,5/16/13 15:57,4,,12
449,249,2/1/16 21:33,3/13/16 22:52,7/8/13 19:50,3,,19
450,391,4/5/16 14:44,4/18/15 21:05,8/13/16 21:14,1,,18
451,218,6/3/16 18:45,4/18/14 11:51,2/8/16 23:25,3,,4
452,257,7/3/16 21:39,8/15/13 18:21,6/14/15 10:43,1,,5
453,368,6/2/14 14:41,6/12/14 22:59,7/22/13 18:11,2,,11
454,431,3/4/13 22:44,10/18/14 19:57,7/14/16 16:24,4,,2
455,447,6/12/13 13:14,10/12/13 13:07,6/11/13 12:07,2,,13
456,8,1/11/16 22:16,3/18/14 23:50,6/13/14 14:06,2,,8
457,99,5/4/16 10:53,5/20/14 16:11,8/14/14 14:04,1,,23
458,56,5/8/14 21:57,7/14/14 23:07,10/12/15 18:08,2,,23
459,333,5/1/14 17:30,8/8/13 17:25,9/22/14 20:56,2,,5
460,453,2/2/14 10:22,4/11/14 10:16,6/15/13 13:30,1,,9
461,226,5/4/15 21:21,7/9/15 23:31,7/10/13 21:16,1,,8
462,283,6/4/15 18:11,10/9/13 18:34,9/8/14 15:48,2,,13
463,199,1/3/16 19:47,6/15/16 10:19,8/14/14 18:12,3,,6
464,62,3/3/16 11:13,5/8/14 17:55,8/18/16 18:11,1,,20
465,330,7/4/16 12:37,5/7/13 10:28,3/10/14 14:36,2,,13
466,192,3/3/13 22:17,4/6/15 23:19,9/21/13 13:01,2,,11
467,481,5/8/13 18:28,6/13/16 20:59,4/21/13 16:56,2,,25
468,228,1/7/14 15:41,8/11/13 13:58,7/7/14 17:52,3,,11
469,330,7/12/13 14:56,9/8/13 12:39,7/19/13 16:21,2,,24
470,63,3/7/15 16:22,6/16/16 12:21,1/22/14 13:13,2,,7
471,448,6/4/16 18:43,6/15/14 20:14,3/13/13 23:42,4,,21
472,207,3/2/13 12:57,5/15/15 18:18,4/9/15 17:39,2,,25
473,23,1/9/14 12:36,7/21/15 23:47,4/5/14 18:17,1,,14
474,447,3/11/13 17:28,5/13/15 14:32,4/12/16 18:07,1,,17
475,126,6/6/14 17:30,2/8/14 20:02,4/10/15 10:42,2,,24
476,222,5/7/13 12:24,6/7/16 18:46,2/9/15 22:09,2,,7
477,366,3/2/14 14:50,5/10/14 19:43,3/28/13 21:35,4,,23
478,218,3/1/15 13:56,5/10/16 14:09,2/15/14 20:08,2,,12
479,415,2/8/15 15:59,7/10/16 21:54,8/11/13 17:24,4,,19
480,73,1/10/15 11:46,7/11/14 22:38,4/22/13 23:39,3,,21
481,404,6/12/13 19:35,7/8/15 16:31,9/14/14 19:58,3,,3
482,64,3/9/14 16:30,4/14/16 21:16,3/17/15 18:33,1,,11
483,346,4/11/15 16:09,5/16/16 22:30,5/23/16 20:42,1,,14
484,490,7/9/15 23:20,5/5/14 14:37,4/18/15 23:08,4,,21
485,141,4/8/16 16:21,6/12/16 23:52,10/14/15 22:07,1,,18
486,283,4/12/15 22:20,8/19/15 20:51,8/17/16 21:59,1,,23
487,16,6/4/14 10:18,3/18/14 15:57,4/22/15 20:06,2,,18
488,417,5/5/14 14:23,6/20/16 17:41,9/16/16 23:48,3,,2
489,165,7/10/16 20:26,2/9/13 21:59,4/13/16 11:51,3,,5
490,22,4/10/14 10:49,8/19/16 17:06,1/9/14 20:25,2,,21
491,475,1/3/16 11:24,4/15/13 12:58,2/16/15 15:18,2,,23
492,293,1/1/16 21:06,5/6/15 16:51,6/10/15 10:59,2,,18
493,406,3/11/16 14:51,2/9/14 18:29,3/10/14 15:44,2,,18
494,262,6/5/14 12:22,6/10/15 12:19,5/9/14 12:15,3,,12
495,93,5/1/13 15:22,2/10/15 10:12,1/15/13 23:10,3,,21
496,496,6/11/16 11:39,10/8/15 13:29,8/15/14 18:28,1,,4
497,22,5/5/15 17:55,6/17/16 19:14,9/17/15 21:33,4,,4
498,165,3/7/15 13:05,2/12/13 15:35,10/25/15 15:42,3,,8
499,5,1/6/16 21:27,7/15/14 18:20,2/19/14 14:30,4,,13
500,284,2/3/14 12:40,10/11/16 22:59,1/13/13 17:24,1,,2
501,187,6/7/15 23:56,5/17/16 21:30,10/17/16 15:06,2,,6
502,65,5/4/16 18:30,8/11/14 19:44,9/19/14 13:21,1,,8
503,294,6/9/13 15:24,2/7/15 18:49,6/16/16 19:04,3,,6
504,196,5/2/16 21:55,7/10/13 16:42,7/14/16 17:29,3,,15
505,417,6/10/13 21:08,2/11/13 13:17,7/7/15 21:19,4,,24
506,6,5/8/16 12:23,5/21/13 13:13,6/18/14 23:47,3,,1
507,300,2/10/13 19:23,10/11/13 16:32,4/8/13 11:16,1,,5
508,182,1/5/13 16:56,9/12/14 16:06,4/15/13 13:59,3,,16
509,193,2/4/16 22:08,4/13/15 18:27,6/16/16 19:23,4,,9
510,126,2/2/14 13:20,8/12/14 13:35,2/18/14 20:24,1,,10
511,137,5/10/15 13:24,10/3/16 17:04,4/18/13 20:58,4,,14
512,261,5/5/16 19:49,10/10/13 12:42,6/11/14 11:19,4,,19
513,90,7/3/15 12:07,4/12/16 20:56,8/20/16 16:02,3,,19
514,494,4/12/15 19:33,5/20/13 22:18,2/22/14 23:46,3,,14
515,449,5/4/15 20:54,5/16/15 23:16,2/11/14 13:35,4,,19
516,374,5/2/13 22:44,4/5/14 14:20,6/14/15 14:57,2,,3
517,426,5/7/14 11:13,2/17/16 13:59,6/24/16 14:04,2,,9
518,5,3/5/14 12:21,1/16/15 21:45,3/13/14 19:39,4,,23
519,214,6/5/14 20:17,5/7/13 10:06,8/13/13 10:15,1,,24
520,424,5/12/13 10:20,6/7/15 14:10,1/22/13 16:13,2,,15
521,141,2/10/14 22:19,4/8/16 16:54,7/21/15 13:53,1,,24
522,289,7/12/16 10:16,8/14/16 11:41,4/18/14 23:15,4,,12
523,494,5/12/13 17:14,3/7/14 16:23,1/15/15 20:02,3,,12
524,374,6/4/16 14:33,7/17/13 16:39,7/10/13 18:47,2,,3
525,467,2/8/14 18:48,9/20/14 11:57,7/8/16 14:01,2,,25
526,54,1/6/15 12:51,4/13/15 16:57,9/12/16 12:07,2,,17
527,305,1/2/14 10:50,9/6/16 18:36,5/9/16 15:10,2,,17
528,55,1/6/16 10:01,10/8/15 11:07,7/12/13 14:31,2,,19
529,440,7/5/16 20:50,5/7/16 21:34,6/17/16 21:50,4,,14
530,136,4/12/16 18:39,5/19/16 10:21,8/9/14 16:44,1,,8
531,172,5/6/16 16:24,4/13/14 17:43,5/14/14 12:56,3,,25
532,64,4/1/14 17:26,5/14/16 12:50,7/23/15 19:20,1,,7
533,438,7/4/13 22:10,6/16/15 10:08,5/20/13 13:29,3,,17
534,226,7/2/13 12:37,7/10/14 10:14,4/15/15 13:34,2,,16
535,24,6/11/14 11:16,5/14/15 20:09,5/17/14 18:42,4,,4
536,421,7/9/14 10:17,5/8/14 11:34,6/14/14 23:34,3,,1
537,53,3/11/15 20:19,1/13/13 19:03,5/21/14 12:50,2,,20
538,466,5/11/16 23:55,8/14/14 14:24,6/8/14 20:50,2,,4
539,224,4/10/13 20:22,9/9/13 14:12,8/12/16 20:37,4,,21
540,52,1/7/13 19:16,3/10/15 10:25,4/10/14 14:47,1,,20
541,32,6/3/15 19:18,6/7/15 12:32,8/16/13 20:41,4,,5
542,26,4/9/14 23:21,5/15/13 16:09,2/16/13 23:09,2,,17
543,168,1/6/15 21:43,6/20/13 18:16,4/16/14 17:52,2,,10
544,442,6/5/14 19:24,5/13/15 18:40,3/9/13 14:29,4,,8
545,210,4/4/13 11:19,3/17/15 13:09,8/18/13 22:36,1,,24
546,275,7/12/15 12:45,4/15/16 23:11,4/11/14 12:48,1,,21
547,216,5/8/13 18:17,6/10/14 15:48,8/19/14 11:15,1,,17
548,403,1/1/15 15:04,3/18/14 12:34,6/13/14 18:43,3,,12
549,42,3/10/16 21:57,6/5/14 13:59,5/22/13 22:21,2,,3
550,217,6/5/14 19:17,4/13/13 18:49,2/15/15 17:20,2,,23
551,236,5/12/14 13:28,4/8/16 13:42,5/22/14 11:39,3,,23
552,271,1/8/14 20:51,6/6/15 15:11,8/17/15 22:45,3,,19
553,362,2/3/14 15:17,5/11/14 19:25,4/8/14 20:20,2,,10
554,76,4/1/14 22:18,4/11/16 10:50,6/13/16 13:09,3,,12
555,416,5/8/15 18:17,4/8/16 20:34,8/18/14 22:54,1,,16
556,375,1/5/13 15:21,3/10/15 14:21,9/14/16 16:24,1,,5
557,393,2/7/16 20:06,7/14/14 22:37,7/9/14 20:40,3,,14
558,54,5/1/13 19:39,8/16/15 15:35,7/19/14 16:08,1,,10
559,76,7/6/14 15:30,3/14/13 13:02,2/14/13 16:15,1,,11
560,43,5/6/15 11:30,8/11/16 15:21,9/20/13 18:02,3,,6
561,2,7/12/14 20:01,2/9/14 20:52,8/12/15 10:57,3,,10
562,459,4/5/16 23:26,4/12/15 21:11,1/6/13 20:19,3,,16
563,132,3/11/16 17:17,7/16/13 19:57,4/12/15 21:28,4,,11
564,184,5/11/16 17:11,7/9/13 20:02,7/20/14 14:55,1,,12
565,452,6/1/15 19:13,1/3/13 17:15,4/18/16 13:44,2,,24
566,487,7/9/15 14:05,8/17/16 19:17,2/20/13 14:32,1,,2
567,321,4/2/14 18:18,4/8/16 23:39,9/14/13 18:23,1,,22
568,6,4/4/15 22:01,5/17/14 18:27,7/18/14 17:36,1,,13
569,337,7/5/13 14:52,6/11/15 14:33,3/19/13 18:15,2,,23
570,231,1/1/16 23:28,4/18/13 23:15,8/22/16 18:57,1,,12
571,160,3/9/15 19:28,5/5/14 12:13,8/16/13 17:56,2,,1
572,218,3/12/15 21:16,9/14/15 13:04,8/23/15 19:51,4,,24
573,94,5/10/16 10:20,5/16/15 11:08,3/24/15 18:20,4,,11
574,383,7/9/13 15:41,4/15/14 19:16,7/19/13 15:27,3,,6
575,304,5/10/15 23:36,2/8/16 15:55,9/16/14 15:15,4,,19
576,336,3/1/14 12:28,7/11/16 21:51,7/15/15 14:46,3,,23
577,376,7/9/13 23:17,5/12/14 20:51,9/15/15 15:39,2,,1
578,306,3/7/14 11:04,5/22/14 17:59,8/18/14 23:47,1,,10
579,263,6/3/14 11:09,3/14/14 21:23,6/18/14 13:28,4,,1
580,50,7/10/16 21:45,5/14/14 21:52,3/15/14 22:31,2,,17
581,453,7/3/15 20:38,7/16/15 20:33,6/14/13 14:04,3,,16
582,286,1/12/13 19:01,4/14/15 14:33,7/17/15 18:47,1,,2
583,210,2/2/15 23:52,5/19/13 22:08,6/13/15 13:18,2,,1
584,138,6/4/14 12:46,6/12/15 15:13,7/16/16 22:17,3,,10
585,88,2/12/13 12:23,9/3/16 11:48,1/18/14 18:46,2,,13
586,282,7/9/16 11:15,3/5/14 14:16,9/12/16 23:05,2,,25
587,431,1/2/13 17:42,3/13/15 17:25,3/11/13 13:21,3,,25
588,127,6/8/14 15:42,5/7/16 15:32,7/15/15 12:42,1,,19
589,306,7/10/14 20:16,10/10/16 17:57,7/15/15 18:02,1,,9
590,475,1/4/13 12:12,2/11/15 11:39,6/16/15 12:18,3,,6
591,264,6/1/16 16:57,3/12/16 12:43,2/21/15 11:15,1,,11
592,467,1/2/16 18:23,3/19/15 15:06,5/15/13 20:38,3,,14
593,336,2/1/15 21:31,7/15/15 16:47,3/21/16 17:57,2,,8
594,163,4/11/16 12:46,10/21/14 23:21,2/14/13 21:45,1,,8
595,205,3/3/14 17:06,9/12/15 15:25,9/18/16 22:59,2,,18
596,385,1/6/14 21:34,10/6/13 21:03,7/16/13 21:43,3,,14
597,346,3/11/15 23:37,7/7/16 20:36,5/13/15 13:09,1,,11
598,309,2/6/16 14:54,6/9/13 13:12,8/16/13 22:49,2,,25
599,22,1/11/13 21:03,8/10/16 13:54,7/10/16 11:41,3,,19
600,330,4/12/14 19:27,7/18/14 16:23,9/15/13 14:54,1,,25
601,45,5/7/13 12:04,8/10/13 17:11,7/16/14 19:37,4,,24
602,114,7/9/15 19:31,8/18/13 18:22,9/22/16 22:29,4,,17
603,125,2/12/13 12:45,4/17/14 23:18,6/13/14 16:39,1,,7
604,61,7/5/15 12:45,2/10/15 20:02,9/13/16 18:09,4,,19
605,196,4/12/15 13:37,7/20/15 15:46,7/17/14 21:03,1,,6
606,92,5/10/14 23:24,6/9/15 22:45,9/17/16 14:29,2,,3
607,11,5/11/13 11:57,3/8/16 10:30,6/17/15 16:28,3,,22
608,180,1/5/15 19:30,4/14/14 17:21,3/11/14 22:13,3,,4
609,310,4/5/14 14:15,8/12/16 17:37,3/9/13 15:16,2,,22
610,470,2/10/16 11:29,6/19/14 22:18,5/8/13 20:08,2,,16
611,390,7/5/13 12:44,5/8/14 21:08,3/22/15 20:26,1,,20
612,181,1/8/13 11:44,9/3/14 20:21,9/14/13 19:27,4,,23
613,141,7/2/16 23:07,4/16/15 23:17,7/8/13 13:24,3,,1
614,369,4/5/15 13:30,3/19/13 19:38,7/21/14 18:17,3,,5
615,414,6/11/14 22:20,2/15/13 17:48,6/12/16 19:58,4,,1
616,432,4/7/16 18:19,4/18/14 16:17,5/21/16 20:54,4,,25
617,181,5/11/13 14:53,8/12/14 13:42,7/15/13 19:44,1,,12
618,128,1/12/13 18:30,6/14/16 16:58,6/21/15 18:19,3,,14
619,299,6/8/16 18:24,9/16/13 21:52,5/13/16 17:26,1,,5
620,334,6/7/16 12:53,6/14/14 17:32,3/19/16 14:33,4,,17
621,310,1/7/16 16:55,4/11/15 13:42,8/6/14 17:24,2,,16
622,394,2/10/16 12:14,8/14/13 16:43,6/22/13 22:27,2,,2
623,184,7/11/14 17:51,5/13/16 22:27,3/19/16 18:42,4,,23
624,250,4/1/16 15:39,7/12/13 11:55,7/18/15 14:23,1,,20
625,172,3/8/16 12:13,3/7/16 20:22,7/13/13 18:14,4,,21
626,267,6/4/13 15:35,3/7/14 17:34,8/13/16 18:05,2,,15
627,363,2/8/13 14:57,8/12/16 10:45,4/12/16 19:21,1,,11
628,209,7/11/14 20:08,7/11/15 19:57,9/14/15 12:10,3,,22
629,313,1/10/15 12:25,6/6/16 17:26,9/21/15 20:05,2,,23
630,452,3/12/16 10:25,6/3/14 23:37,5/11/14 12:04,1,,15
631,497,6/7/15 19:45,2/16/16 11:14,6/5/13 21:14,3,,8
632,477,4/11/14 10:47,6/11/16 10:33,2/14/13 13:36,4,,6
633,158,2/8/14 20:48,8/10/13 10:06,4/8/13 11:50,4,,7
634,133,5/4/15 10:21,6/2/14 22:34,6/18/13 17:13,4,,8
635,360,7/3/13 12:39,6/16/15 16:10,8/13/16 21:34,2,,4
636,202,4/8/15 10:40,9/3/16 18:20,2/15/14 10:20,2,,18
637,152,6/9/13 10:16,9/9/15 13:59,5/17/16 13:14,1,,1
638,433,5/11/15 17:56,7/15/16 16:58,6/13/15 10:52,2,,22
639,455,5/4/14 10:05,5/15/16 23:27,6/24/16 10:53,3,,1
640,136,1/3/14 10:58,4/12/16 15:03,5/12/14 16:47,2,,12
641,142,2/12/15 17:17,2/14/14 22:23,9/16/14 22:46,1,,17
642,476,5/4/15 16:19,7/19/14 10:49,4/18/14 10:07,1,,5
643,178,6/6/13 15:02,8/15/15 16:35,3/18/14 10:28,2,,4
644,37,3/2/15 19:19,6/16/15 20:42,8/12/15 17:21,4,,20
645,119,1/1/14 14:26,4/17/16 22:17,9/21/13 15:24,4,,22
646,376,2/12/13 12:02,6/20/16 20:43,6/25/14 13:31,1,,21
647,355,6/9/13 10:21,8/13/16 23:15,7/18/16 10:26,2,,15
648,385,3/6/16 22:55,8/4/13 16:18,5/21/16 22:37,4,,15
649,92,5/4/14 23:02,8/16/16 14:37,5/17/14 15:26,4,,11
650,445,2/3/15 15:49,5/14/13 21:42,8/24/15 22:31,4,,5
651,457,3/5/13 13:27,8/7/15 18:14,9/22/15 12:26,2,,1
652,422,2/9/14 13:17,6/14/15 22:07,7/16/15 19:44,3,,6
653,491,7/11/13 18:06,7/18/16 19:25,4/14/16 13:54,4,,7
654,495,6/3/15 18:05,7/12/15 13:21,5/20/14 17:41,1,,3
655,379,1/12/13 21:14,7/18/13 10:59,3/26/16 16:33,4,,16
656,265,5/8/14 12:43,7/20/13 18:21,5/16/16 19:42,4,,11
657,124,5/5/16 13:10,4/4/13 20:24,3/22/13 12:34,4,,15
658,443,4/9/16 11:36,6/14/15 22:51,9/12/13 22:20,3,,21
659,180,5/8/16 11:55,5/14/15 14:45,6/11/15 19:41,4,,9
660,262,2/12/15 10:45,7/9/14 17:49,4/15/15 14:31,4,,24
661,85,6/8/14 16:34,4/5/16 12:43,2/10/15 21:20,3,,25
662,220,3/7/14 18:23,4/12/15 13:17,2/20/15 18:15,2,,2
663,483,5/7/14 19:05,9/3/16 21:56,8/12/13 21:50,1,,12
664,254,3/2/16 22:29,3/17/14 17:48,3/22/14 23:17,3,,8
665,373,3/3/15 12:42,3/16/15 11:32,7/23/14 17:07,2,,7
666,225,1/12/14 16:34,4/14/16 20:09,7/15/15 23:44,1,,24
667,204,2/12/15 22:13,4/13/14 19:03,6/20/16 10:54,3,,9
668,218,7/3/14 16:42,4/9/15 19:11,4/12/16 17:39,4,,23
669,346,7/7/13 13:39,6/20/14 18:25,7/7/13 10:45,4,,6
670,92,1/11/15 18:20,10/14/16 22:19,9/21/15 22:33,2,,8
671,397,6/3/14 16:39,3/16/16 11:04,4/20/13 17:10,4,,4
672,317,4/1/15 12:35,6/10/15 11:52,1/12/13 16:38,1,,3
673,408,4/3/15 19:37,8/15/16 18:39,6/21/14 17:13,4,,12
674,137,2/5/16 19:14,5/10/13 10:19,6/20/13 15:09,3,,1
675,124,7/12/13 17:50,8/15/15 20:47,6/10/13 17:41,3,,13
676,79,7/9/13 17:35,4/7/15 13:18,5/9/14 23:02,2,,22
677,158,2/1/15 14:46,8/6/14 14:56,6/24/13 20:20,3,,19
678,105,6/6/13 23:34,5/12/16 10:55,7/19/16 19:51,1,,4
679,468,3/7/16 15:26,1/18/16 15:39,9/16/13 14:36,1,,17
680,324,7/11/13 17:38,7/14/16 14:19,7/14/15 13:59,2,,12
681,166,1/9/13 13:10,3/17/16 19:16,2/7/15 14:38,3,,5
682,462,5/12/14 21:21,2/16/15 20:59,5/17/15 15:40,3,,1
683,463,4/1/16 13:58,4/12/15 16:48,3/20/15 13:46,1,,7
684,371,3/6/15 21:54,3/5/16 14:08,3/18/13 12:46,1,,5
685,365,4/8/16 13:48,6/12/13 10:55,6/17/16 20:35,2,,1
686,395,3/10/14 23:21,7/13/15 19:01,7/10/15 13:34,4,,6
687,229,1/4/13 14:09,2/15/14 20:34,4/12/14 20:56,2,,15
688,104,5/3/14 18:25,7/13/14 16:38,5/18/16 19:10,1,,3
689,480,4/6/16 17:22,2/10/14 15:13,9/3/15 18:02,1,,12
690,245,3/6/13 12:12,4/18/14 14:24,6/11/14 11:04,2,,6
691,347,1/8/15 11:30,6/14/13 14:53,6/20/13 14:04,4,,1
692,328,5/2/15 23:18,6/15/13 20:54,5/10/14 12:50,1,,2
693,272,1/2/13 16:05,3/14/16 23:08,8/22/13 12:55,1,,15
694,443,1/10/15 18:24,10/16/16 14:37,4/18/15 19:08,2,,3
695,284,7/10/14 13:31,4/14/14 15:29,9/18/14 12:23,3,,7
696,112,1/10/13 22:24,5/13/15 13:09,6/13/16 18:08,3,,8
697,187,1/12/16 17:46,5/9/13 15:12,3/6/16 18:05,3,,21
698,105,3/9/14 18:16,6/15/16 19:10,8/8/16 17:12,2,,18
699,225,5/6/14 18:32,8/13/13 21:42,3/18/13 15:16,3,,14
700,422,5/3/13 18:42,9/4/14 16:44,5/17/15 10:46,3,,5
701,229,2/12/16 21:34,7/6/15 16:36,4/18/13 20:06,4,,13
702,489,4/11/16 23:47,6/17/16 12:55,3/21/16 15:34,2,,23
703,269,7/1/13 12:15,8/13/15 14:33,7/21/14 11:12,3,,1
704,224,4/12/14 15:18,8/19/14 14:47,2/15/16 14:58,4,,11
705,258,4/2/16 16:03,6/17/13 14:18,6/13/13 19:39,2,,25
706,208,2/9/13 21:28,8/15/14 17:11,9/23/14 22:18,2,,5
707,397,4/7/14 16:53,3/9/14 21:16,7/17/16 20:52,2,,10
708,118,7/2/13 21:08,7/15/14 18:04,9/15/14 19:37,2,,22
709,215,4/7/14 15:02,1/12/13 10:10,5/20/16 14:50,1,,12
710,200,5/3/14 15:08,9/10/15 22:26,6/11/13 21:20,2,,24
711,334,3/3/13 11:54,3/19/15 10:02,9/16/14 22:40,1,,5
712,438,6/7/16 10:08,8/15/16 11:40,4/8/16 16:05,2,,22
713,199,5/2/14 23:43,6/4/16 18:28,9/17/15 23:56,1,,14
714,308,3/7/13 21:45,8/10/13 13:05,3/25/16 21:01,3,,12
715,85,1/8/13 16:53,1/14/16 12:06,5/14/15 23:03,3,,25
716,167,4/12/14 13:33,5/13/14 18:02,5/14/16 15:59,1,,6
717,25,2/2/14 22:30,5/14/13 21:23,5/22/16 11:46,3,,5
718,287,7/6/15 19:20,7/14/15 16:23,5/19/14 12:10,1,,8
719,436,4/10/13 21:45,7/6/13 19:49,8/13/15 21:51,4,,16
720,290,4/12/13 15:04,8/17/14 10:07,8/19/16 14:11,2,,25
721,5,7/11/13 15:37,8/8/13 13:43,2/21/16 15:49,1,,7
722,258,4/2/15 11:59,4/18/13 19:01,7/17/15 11:35,4,,24
723,154,6/9/13 10:43,5/7/15 14:36,6/15/16 20:54,3,,25
724,233,2/4/15 21:27,6/8/15 13:40,2/16/15 21:27,3,,15
725,320,4/8/14 13:38,3/5/14 18:10,10/15/14 22:35,1,,21
726,368,5/10/15 11:45,6/6/13 15:59,6/18/13 16:03,2,,7
727,481,5/10/13 16:02,6/14/16 19:20,2/17/15 15:13,2,,14
728,57,1/5/14 13:01,4/15/14 15:04,5/17/16 18:29,2,,10
729,104,2/3/16 23:06,8/19/15 19:39,3/9/14 14:27,3,,10
730,164,3/3/13 21:27,3/10/13 19:27,2/18/13 21:01,2,,3
731,297,3/3/15 18:30,6/9/16 21:14,3/16/16 23:57,3,,24
732,84,7/1/14 15:43,9/15/15 17:09,6/17/13 13:54,1,,16
733,109,5/5/14 14:43,8/22/16 13:19,6/21/14 20:16,2,,6
734,250,4/8/16 14:56,5/16/15 23:52,2/16/15 22:41,2,,3
735,429,5/9/13 21:57,1/14/15 21:50,6/18/13 12:02,1,,11
736,28,5/6/15 20:34,3/14/15 11:09,9/11/15 19:19,1,,4
737,401,5/1/16 10:10,4/7/16 19:49,7/17/14 20:21,4,,23
738,6,1/10/16 14:18,10/14/14 11:53,8/23/14 23:30,3,,21
739,330,6/2/16 18:01,5/10/16 23:36,4/20/14 21:47,3,,24
740,170,3/12/16 15:52,3/15/15 20:01,3/19/16 19:48,4,,8
741,15,6/2/16 15:50,10/18/16 23:09,6/11/13 22:30,1,,25
742,366,7/2/13 15:13,2/17/14 14:03,4/23/16 13:32,2,,25
743,8,2/11/15 23:42,6/11/14 20:12,6/21/14 18:33,1,,24
744,362,2/8/14 18:03,7/7/13 19:56,8/13/15 13:26,4,,18
745,198,2/1/16 20:33,7/9/14 15:52,2/7/15 14:24,4,,12
746,471,6/10/14 14:37,5/12/16 22:26,3/25/13 20:49,3,,7
747,83,5/10/16 15:37,6/14/13 21:42,3/8/13 11:55,1,,24
748,359,6/3/16 22:15,1/10/16 11:06,1/18/13 19:39,4,,6
749,252,2/1/13 11:14,8/10/13 18:41,8/20/14 16:12,2,,17
750,458,2/12/13 13:24,9/8/16 13:21,4/18/16 18:19,1,,5
751,17,6/3/15 21:49,4/16/13 20:32,4/16/13 12:41,1,,1
752,343,7/9/14 14:17,3/10/14 19:50,1/18/14 21:41,3,,21
753,448,1/10/13 10:35,8/19/14 10:36,7/12/15 13:56,1,,8
754,86,3/7/15 16:21,8/5/16 19:39,6/24/14 21:28,2,,3
755,50,4/10/14 23:43,8/17/16 15:12,2/15/15 13:22,3,,11
756,380,1/8/16 11:17,5/12/15 17:30,6/9/15 13:53,2,,10
757,70,3/12/13 19:51,2/11/14 15:05,7/12/15 23:45,4,,13
758,122,2/8/15 19:37,3/16/16 20:57,8/9/13 18:48,1,,24
759,328,7/7/16 20:11,4/9/13 14:12,3/9/15 19:18,1,,2
760,312,1/11/14 13:01,10/20/13 10:30,6/11/13 11:21,2,,4
761,447,1/8/13 19:14,1/7/16 17:13,3/22/16 13:47,1,,10
762,33,2/7/13 16:47,5/2/15 11:03,1/19/15 15:23,4,,24
763,456,1/9/14 19:05,5/17/13 14:57,2/20/15 14:32,2,,7
764,159,7/12/14 15:26,2/18/16 22:39,6/20/13 13:20,1,,11
765,100,2/9/16 20:46,1/6/13 14:49,9/13/16 15:19,3,,12
766,307,1/2/13 22:08,9/14/13 14:25,4/13/14 22:18,2,,17
767,24,5/11/16 16:04,7/17/16 20:06,5/15/15 19:52,2,,9
768,173,5/8/13 21:04,7/18/14 22:47,6/12/14 11:09,2,,24
769,147,1/9/14 17:23,4/9/13 17:10,3/22/13 13:05,3,,7
770,202,5/6/13 21:13,2/6/16 20:46,9/27/16 19:44,3,,20
771,169,3/2/16 14:19,10/16/13 20:50,5/17/13 23:01,2,,17
772,285,3/4/14 22:57,5/13/16 10:43,8/17/15 15:16,2,,16
773,203,6/8/14 19:18,3/10/14 20:34,6/22/13 10:26,3,,20
774,87,4/10/16 10:06,6/7/15 19:53,5/15/15 21:19,1,,22
775,418,3/1/15 16:57,2/21/16 11:33,7/22/16 23:36,4,,4
776,409,1/7/15 11:18,2/18/13 22:54,4/15/13 21:24,3,,16
777,71,5/7/14 19:07,8/11/16 22:16,9/16/13 17:35,3,,9
778,7,4/6/14 23:37,5/3/14 12:38,5/17/15 10:12,4,,25
779,180,3/6/15 16:25,7/16/14 14:05,3/10/13 12:41,1,,15
780,492,7/3/13 11:06,4/14/16 21:27,7/21/13 15:26,1,,15
781,279,1/11/15 18:55,3/10/15 22:03,7/8/16 14:53,1,,17
782,245,4/10/14 18:23,8/3/15 19:20,4/26/15 14:07,2,,7
783,261,1/3/13 20:37,6/9/13 14:55,2/22/15 22:41,2,,4
784,176,4/2/14 20:26,7/13/13 15:43,3/20/16 10:48,1,,3
785,477,4/3/16 13:19,5/16/16 15:09,8/17/13 20:13,3,,7
786,310,1/4/16 15:30,6/13/14 17:47,9/11/13 10:12,1,,23
787,171,4/1/16 16:05,8/11/13 13:37,4/13/16 10:35,2,,10
788,296,2/10/13 11:39,5/20/16 16:33,7/15/16 17:07,2,,15
789,493,6/7/16 20:11,4/6/13 16:39,4/18/14 16:15,3,,8
790,220,5/10/16 13:11,5/15/15 15:56,9/16/14 21:44,1,,17
791,370,7/7/14 16:18,6/8/14 20:56,4/16/16 16:53,3,,9
792,85,6/7/13 17:17,9/15/16 13:11,5/14/14 15:21,2,,21
793,433,5/2/13 23:06,7/11/14 10:55,2/12/15 23:21,1,,4
794,26,3/6/13 22:31,5/11/14 22:03,7/22/13 22:05,3,,13
795,123,4/12/16 22:36,8/19/16 16:53,4/12/16 20:26,2,,6
796,382,1/4/14 20:41,6/9/14 14:32,10/12/14 11:25,1,,18
797,295,4/2/16 20:09,4/13/16 13:44,6/23/14 20:15,1,,20
798,457,7/11/15 18:07,5/12/14 20:15,8/13/14 17:41,2,,10
799,76,1/6/14 19:44,2/13/15 17:39,5/15/15 17:08,4,,8
800,442,2/10/16 16:29,7/13/16 16:22,2/15/15 19:49,1,,8
801,154,5/8/16 18:20,5/10/15 22:35,6/14/16 23:02,2,,15
802,117,2/7/16 21:17,4/9/16 10:20,5/22/15 12:20,3,,2
803,50,7/11/13 18:43,1/20/16 20:57,9/15/16 17:49,3,,16
804,237,5/1/14 20:51,3/13/14 13:47,6/21/15 21:18,4,,25
805,398,6/10/13 17:16,8/14/15 21:08,7/21/16 12:38,4,,5
806,151,2/8/16 19:09,4/10/16 23:12,8/13/15 12:05,2,,25
807,149,3/10/15 13:27,4/4/16 16:05,2/12/15 15:36,1,,7
808,143,3/8/16 22:45,1/10/16 15:52,5/14/15 17:22,4,,12
809,94,6/3/15 10:51,3/12/14 15:04,6/14/15 16:12,4,,17
810,157,7/4/14 13:19,9/9/15 21:10,2/7/16 12:32,1,,5
811,88,2/8/14 10:37,8/8/14 10:56,1/18/16 23:40,2,,4
812,336,4/10/15 17:46,9/11/13 13:30,5/21/16 20:18,3,,15
813,105,4/5/13 23:30,6/8/15 16:39,3/12/15 14:56,2,,1
814,333,4/4/15 10:29,4/15/16 16:44,4/14/16 10:42,4,,5
815,460,6/10/14 18:59,5/5/16 16:14,2/16/16 23:44,4,,1
816,129,6/11/13 13:48,5/13/15 14:57,2/18/15 17:43,4,,13
817,309,4/6/16 18:42,3/21/15 10:27,5/14/13 20:59,3,,8
818,141,2/3/16 13:46,7/10/16 13:21,9/11/14 14:03,3,,15
819,235,6/2/16 19:23,4/7/13 22:52,3/16/14 10:54,3,,14
820,273,4/7/13 18:32,3/7/16 19:51,3/12/15 19:31,2,,4
821,289,1/11/14 18:58,5/15/13 22:14,8/13/13 10:04,4,,21
822,266,6/12/13 22:11,7/12/13 20:23,3/12/15 19:26,1,,4
823,432,6/7/15 10:40,7/9/16 17:47,3/17/15 12:05,4,,20
824,25,5/9/13 14:57,8/11/15 20:56,3/19/14 11:17,1,,19
825,121,7/8/13 16:17,8/12/16 19:55,7/18/14 18:02,4,,7
826,101,6/2/13 21:44,9/3/15 14:03,7/22/13 10:16,3,,12
827,382,4/10/14 22:16,5/9/13 19:06,4/19/16 10:12,3,,21
828,363,3/6/15 19:25,5/8/13 20:35,8/12/14 10:42,1,,17
829,74,6/10/14 12:02,2/10/13 11:47,5/22/15 18:52,4,,18
830,179,2/3/15 14:07,7/8/16 15:10,4/14/15 23:21,2,,6
831,172,5/2/15 23:03,3/10/14 11:02,7/14/14 10:37,2,,21
832,65,2/10/14 10:14,3/14/13 11:20,7/10/15 21:58,4,,14
833,439,7/1/15 17:36,6/8/14 16:27,6/13/14 22:06,3,,15
834,426,3/2/15 17:45,2/18/14 11:26,3/12/16 21:35,3,,23
835,157,4/4/14 22:12,8/14/15 10:41,8/9/14 13:24,4,,23
836,28,1/4/13 14:05,3/16/15 16:48,2/19/14 23:16,3,,25
837,453,7/7/14 23:23,6/15/13 10:15,6/21/16 17:55,3,,14
838,385,1/1/14 21:10,5/9/16 23:50,6/21/13 17:16,1,,21
839,243,6/2/15 17:49,6/16/14 11:21,6/17/16 19:32,3,,14
840,146,3/12/15 18:42,8/6/13 14:39,7/11/13 14:16,3,,4
841,374,6/3/16 22:35,4/9/14 10:39,5/14/14 17:47,3,,2
842,246,2/8/13 23:06,2/3/14 21:38,3/11/13 13:18,1,,21
843,328,6/10/14 19:21,9/8/13 16:14,4/15/13 16:03,3,,17
844,195,7/10/13 11:34,8/16/13 13:01,6/22/16 10:29,2,,25
845,366,3/4/14 15:20,1/14/14 14:09,6/20/13 16:48,3,,10
846,473,7/9/16 18:09,2/12/14 19:57,8/16/14 20:03,3,,6
847,203,7/6/13 22:37,4/12/13 16:04,10/17/13 23:23,1,,13
848,155,1/3/14 19:44,5/9/13 17:44,6/11/14 18:48,3,,24
849,325,4/3/14 15:03,7/20/14 21:16,7/11/15 20:36,1,,5
850,93,3/2/13 23:06,3/7/13 22:46,7/22/16 12:34,1,,18
851,289,7/6/14 20:02,8/6/15 11:06,2/11/14 20:28,2,,24
852,282,1/11/15 18:13,4/16/16 17:12,4/19/13 18:16,1,,13
853,484,4/7/16 16:48,4/4/15 18:20,8/17/16 14:44,2,,15
854,267,5/10/16 11:14,6/14/14 11:09,7/8/14 12:02,3,,20
855,292,2/12/15 15:27,3/14/16 13:46,3/23/15 16:13,3,,11
856,404,7/2/15 15:57,8/7/13 21:40,4/13/15 16:22,4,,24
857,129,2/7/16 15:18,3/11/15 16:07,9/18/15 20:24,3,,16
858,290,3/5/15 15:38,3/17/15 12:18,6/15/13 12:44,2,,19
859,412,5/5/13 11:40,4/6/15 22:50,6/15/16 15:52,4,,19
860,452,1/10/14 13:58,4/18/14 15:58,7/12/16 22:55,4,,5
861,320,6/10/15 18:59,6/21/15 14:42,10/16/16 14:17,4,,8
862,161,1/3/14 14:21,6/7/14 18:51,2/20/15 23:43,2,,22
863,147,1/1/15 23:06,5/13/14 13:42,8/8/14 15:02,4,,9
864,401,7/11/14 22:34,6/13/15 11:29,6/15/14 19:49,1,,17
865,44,3/2/16 15:32,6/21/13 17:19,5/20/13 22:28,3,,6
866,411,2/3/16 10:16,8/11/15 16:22,3/22/15 10:31,2,,13
867,384,1/9/16 23:35,9/4/16 10:07,8/23/14 13:16,1,,9
868,236,2/5/14 18:59,3/17/15 23:27,7/19/14 11:38,1,,8
869,84,7/2/16 12:48,3/9/13 13:48,7/27/14 21:42,2,,20
870,180,1/5/15 12:57,4/16/13 23:22,4/11/14 21:25,2,,6
871,61,6/11/13 22:51,2/9/14 23:44,4/5/15 18:15,2,,16
872,179,3/10/15 13:52,3/14/15 23:27,3/15/13 19:29,3,,24
873,241,3/11/15 14:09,3/15/16 23:38,7/12/16 13:35,2,,23
874,81,1/1/13 18:14,6/7/14 20:03,3/19/16 13:58,3,,18
875,286,5/1/16 20:18,7/11/15 13:40,5/11/15 16:05,1,,22
876,496,1/1/14 18:35,1/9/14 19:35,7/17/15 22:58,2,,6
877,288,5/2/15 18:45,8/18/13 18:46,8/23/14 10:49,1,,5
878,227,5/10/13 21:11,6/15/15 10:48,5/18/14 11:10,3,,4
879,358,6/1/13 23:32,7/10/16 18:16,1/17/16 12:21,4,,18
880,207,7/1/14 13:34,6/8/13 19:01,5/19/14 18:13,2,,17
881,159,4/12/14 21:51,4/13/14 23:29,3/19/13 10:46,3,,2
882,304,2/10/15 21:52,3/9/14 20:35,4/22/13 16:28,4,,20
883,462,4/11/16 12:06,7/9/14 14:42,7/19/15 11:22,1,,14
884,193,6/2/15 10:29,5/13/15 11:03,7/14/16 17:17,3,,10
885,472,7/9/16 11:11,6/7/14 18:38,7/7/16 12:54,4,,4
886,490,4/6/15 17:01,6/16/15 23:27,3/14/13 21:02,3,,5
887,487,5/12/15 12:06,9/21/13 10:50,6/16/15 15:21,4,,8
888,220,5/10/14 23:07,3/14/14 13:13,10/17/14 13:28,3,,22
889,280,4/11/14 15:38,6/16/13 16:56,3/16/15 22:47,3,,10
890,368,6/3/16 12:38,7/5/13 10:01,4/10/16 13:51,3,,7
891,166,3/10/14 19:13,8/12/16 11:33,6/23/14 14:34,1,,3
892,52,3/5/16 14:33,7/11/13 19:03,4/16/13 14:18,2,,21
893,57,7/1/16 13:29,1/8/15 21:40,5/7/14 22:49,4,,22
894,65,7/9/13 14:37,6/7/15 13:53,2/13/15 20:19,4,,20
895,209,6/7/15 16:49,1/8/15 13:16,7/6/15 18:43,2,,17
896,308,5/5/13 11:33,6/9/14 20:12,6/16/13 18:25,4,,25
897,441,4/4/13 23:27,6/12/13 11:11,8/17/16 21:50,4,,19
898,320,4/4/16 20:42,1/7/15 11:36,4/10/15 14:12,1,,8
899,93,7/4/16 18:47,9/8/13 22:27,5/13/16 11:19,2,,16
900,487,2/4/14 16:17,3/8/14 14:59,2/13/13 23:40,1,,23
901,100,1/2/15 19:27,6/12/16 21:49,4/17/13 17:13,1,,13
902,475,2/11/14 10:58,7/10/16 16:26,9/8/13 16:52,2,,7
903,220,2/12/14 23:42,6/8/14 17:18,5/16/16 22:34,4,,16
904,211,7/3/14 15:24,5/10/13 10:20,10/19/13 17:24,2,,21
905,495,2/8/15 10:53,2/12/16 13:18,5/22/16 11:52,1,,18
906,103,5/11/14 16:51,5/19/13 17:34,10/12/13 15:05,4,,25
907,236,2/11/13 15:10,3/9/15 14:26,7/12/14 16:54,2,,22
908,380,2/4/13 19:31,4/15/13 17:39,8/15/14 12:51,4,,9
909,229,6/5/14 18:55,9/12/15 11:58,9/23/15 10:29,4,,15
910,325,6/2/13 23:56,6/22/16 12:37,7/14/14 11:40,2,,23
911,353,7/12/13 16:59,5/3/14 19:29,3/13/14 22:39,3,,17
912,397,1/3/16 20:21,4/13/15 18:35,1/19/14 13:56,4,,3
913,221,7/8/15 11:56,6/19/13 13:30,6/19/15 10:50,2,,4
914,372,2/1/15 19:10,7/14/14 16:23,8/13/16 12:58,3,,21
915,99,5/9/16 14:03,6/6/13 22:03,8/26/16 12:10,1,,6
916,466,4/1/13 16:02,8/16/13 14:51,9/16/14 15:55,2,,16
917,245,4/2/16 15:19,6/14/14 11:37,8/17/15 10:37,2,,5
918,210,1/8/14 21:23,9/14/15 23:31,8/14/15 23:44,4,,16
919,440,6/1/16 16:55,9/16/15 23:20,7/14/14 13:49,3,,13
920,287,7/8/13 11:32,8/10/14 13:02,4/24/16 11:39,2,,1
921,480,5/12/16 13:31,4/16/13 21:21,7/12/14 21:05,3,,21
922,168,4/1/14 21:51,3/9/15 12:30,6/17/15 16:13,3,,12
923,11,1/3/15 23:13,9/9/15 13:35,5/21/15 12:50,4,,13
924,232,3/5/13 11:09,6/7/16 11:48,8/17/15 17:48,4,,17
925,158,1/4/13 13:16,7/14/16 11:53,5/8/15 10:47,3,,19
926,474,6/3/14 21:19,5/12/16 10:37,8/22/16 10:04,3,,13
927,160,1/11/13 13:26,9/6/16 13:16,5/22/15 15:54,3,,1
928,499,5/8/15 13:07,4/14/13 13:14,5/18/14 10:06,1,,3
929,278,5/7/13 13:01,3/20/14 21:15,8/15/13 14:51,1,,24
930,239,5/10/14 15:03,8/9/16 15:15,4/14/16 21:17,4,,12
931,311,2/9/15 12:14,6/13/13 11:16,8/23/14 13:15,3,,21
932,59,7/2/13 20:39,10/9/16 13:08,6/13/14 20:26,3,,9
933,90,2/8/15 17:12,3/12/13 21:01,7/22/16 14:10,4,,22
934,145,7/5/13 21:30,4/10/16 17:29,7/10/13 11:08,3,,17
935,17,5/12/15 22:36,5/12/13 14:54,6/16/13 22:30,1,,6
936,171,3/6/13 19:47,9/17/16 19:05,5/11/16 12:30,4,,5
937,18,6/4/14 18:04,4/18/13 17:10,8/10/16 21:10,4,,9
938,17,1/7/13 17:57,5/11/16 12:07,7/25/13 21:32,2,,19
939,279,6/9/14 22:23,3/8/14 22:42,5/21/14 13:40,1,,3
940,257,5/1/14 15:05,5/8/15 22:34,8/20/16 21:06,2,,13
941,128,3/6/15 18:14,3/18/15 17:12,10/18/15 12:30,4,,6
942,449,2/4/16 19:05,6/11/16 17:08,8/20/14 14:54,1,,20
943,446,2/2/16 20:58,9/17/15 21:02,8/20/14 19:19,3,,21
944,116,2/2/16 16:06,4/9/16 16:32,7/4/13 17:55,2,,5
945,291,5/4/16 12:19,5/5/16 18:44,7/15/16 14:48,4,,18
946,401,3/6/15 12:43,3/12/14 10:24,9/12/14 10:40,1,,22
947,77,6/4/14 15:10,4/9/14 14:04,1/18/14 22:09,2,,3
948,336,3/1/14 14:50,7/13/14 18:06,5/18/16 16:03,3,,13
949,47,7/12/13 10:34,4/11/15 15:44,2/15/13 15:31,3,,24
950,485,1/6/16 12:03,6/7/15 19:44,5/19/14 12:27,2,,23
951,126,5/12/15 12:53,6/12/13 23:08,7/8/16 21:54,1,,16
952,9,6/11/14 22:37,10/14/14 11:27,4/26/13 21:17,4,,12
953,139,7/11/14 17:22,3/14/14 12:09,8/17/14 10:36,2,,10
954,433,6/7/15 23:44,9/17/14 22:52,5/18/16 17:43,4,,4
955,483,3/3/13 16:37,3/19/14 19:28,5/19/14 10:40,3,,24
956,23,2/7/16 15:37,5/16/16 17:38,1/10/16 12:01,1,,3
957,73,2/3/15 18:49,3/19/16 13:37,2/8/14 22:18,3,,11
958,390,6/9/16 13:22,10/9/14 19:11,10/17/15 16:15,4,,2
959,391,4/10/13 15:02,7/17/13 12:29,6/14/16 12:34,3,,9
960,74,3/2/13 18:25,5/14/14 20:13,8/14/14 13:49,3,,23
961,387,6/7/15 21:28,4/13/15 22:41,4/17/15 16:58,2,,19
962,351,2/11/14 22:07,4/11/15 21:43,7/15/15 21:06,1,,21
963,352,5/11/14 23:18,4/7/14 19:32,9/11/14 19:38,3,,2
964,170,6/8/16 13:40,5/19/15 13:56,6/15/14 12:25,4,,21
965,417,3/2/13 16:06,4/17/13 14:17,3/22/16 13:24,1,,16
966,356,2/10/15 10:10,8/13/16 18:48,8/14/16 12:06,1,,21
967,175,3/12/15 15:50,6/13/15 21:33,6/6/15 22:37,4,,18
968,347,3/10/16 22:11,6/13/16 16:34,9/27/14 16:33,2,,5
969,283,7/9/14 12:15,5/15/13 10:29,3/10/14 16:19,2,,8
970,347,4/4/15 21:04,6/9/16 17:04,8/20/16 15:18,3,,3
971,451,3/10/13 16:58,4/10/15 16:34,2/16/13 18:04,3,,7
972,488,4/8/16 19:06,3/9/14 21:06,6/21/14 23:28,4,,14
973,185,3/10/14 19:20,7/13/14 18:39,2/17/13 20:33,3,,13
974,60,4/7/14 19:55,8/6/13 22:10,5/11/16 18:16,1,,7
975,50,3/7/16 21:36,7/13/14 10:55,5/13/16 22:09,1,,16
976,389,5/11/14 12:10,6/11/13 23:40,6/7/14 21:42,2,,11
977,8,5/10/15 18:21,3/14/16 23:36,5/14/14 20:43,3,,2
978,240,4/7/14 14:42,8/16/16 12:20,6/19/14 17:22,2,,16
979,398,5/2/16 11:39,6/8/14 20:45,5/11/15 19:38,3,,2
980,85,1/6/16 15:21,9/13/13 15:39,3/17/14 17:21,3,,13
981,428,4/3/16 23:23,8/15/14 20:02,8/21/14 10:39,4,,22
982,216,1/8/15 13:09,10/14/13 17:07,8/24/16 18:40,4,,20
983,135,7/8/15 19:09,4/4/15 22:16,10/14/13 11:35,1,,13
984,261,7/1/15 18:49,8/10/14 12:06,5/10/16 17:34,2,,6
985,85,3/9/13 13:04,9/20/16 23:36,6/19/16 23:37,2,,21
986,465,1/5/15 19:45,7/13/16 18:04,5/22/15 19:55,1,,7
987,146,1/1/13 17:12,7/6/15 11:57,6/20/13 19:48,2,,17
988,169,5/12/15 12:46,10/4/16 15:15,4/20/13 21:02,4,,3
989,84,1/4/15 10:36,4/19/16 12:18,1/13/15 22:35,3,,15
990,195,4/8/14 17:39,2/10/16 14:45,9/16/15 20:56,2,,23
991,65,3/1/15 21:25,7/18/16 11:57,8/10/14 10:39,4,,20
992,469,6/12/14 18:51,6/18/14 15:58,4/15/15 18:54,4,,12
993,288,5/5/15 23:41,3/13/15 11:21,5/8/13 23:20,2,,18
994,302,2/6/16 12:52,3/14/16 15:18,3/24/14 23:16,1,,20
995,247,4/12/13 18:46,7/15/15 18:34,3/18/14 20:42,2,,15
996,239,1/6/13 16:57,2/16/13 20:25,9/19/14 18:10,3,,23
997,348,2/7/16 17:30,2/12/15 13:28,5/8/16 15:06,4,,13
998,337,2/3/16 19:02,6/19/15 14:11,5/25/13 23:27,1,,1
999,54,6/6/15 10:22,10/5/16 13:02,4/11/15 11:56,2,,7
1000,414,7/8/14 19:46,5/17/13 22:47,8/15/14 14:01,4,,5