paymentId,amount,customerId,paymentTypeId,paymentDate,paymentStatusId
1,133.39,373,4,8/27/14 21:19,1
2,192.72,208,4,8/24/15 16:05,1
3,162.65,382,1,4/22/13 15:14,2
4,156.08,109,5,5/24/15 18:03,2
5,102.22,206,3,3/27/13 17:07,2
6,126.54,333,1,4/26/15 22:17,2
7,40.14,401,1,5/25/16 11:19,2
8,40.8,326,2,6/25/15 21:45,2
9,81.47,148,3,8/22/16 16:44,1
10,148.43,198,2,3/23/14 18:25,2
11,57.27,50,4,2/25/15 19:12,1
12,53.01,118,3,2/22/13 23:58,2
13,130.3,238,1,8/25/14 21:18,1
14,48.76,170,1,6/26/16 20:57,1
15,25.94,116,3,10/25/13 12:06,2
16,31.81,16,1,4/23/15 23:23,1
17,103.07,172,5,8/22/14 15:16,1
18,97.46,332,3,2/24/15 12:32,2
19,25.95,236,5,7/28/13 22:44,2
20,159.24,178,2,5/22/15 11:50,1
21,42.39,215,4,9/23/14 13:37,2
22,21.76,303,1,3/26/16 15:35,2
23,125.6,300,1,9/26/15 12:20,2
24,20.51,25,3,7/26/13 16:11,1
25,59,363,2,3/24/14 12:02,1
26,172.58,477,1,1/26/13 18:59,1
27,176.84,28,2,9/25/14 23:15,1
28,101.47,197,1,9/28/14 15:20,1
29,43.97,151,2,5/22/16 13:52,2
30,104.62,327,3,5/27/14 14:59,2
31,128.71,375,3,7/27/16 11:18,1
32,149.39,438,3,6/24/15 20:15,1
33,77.07,170,3,7/22/14 13:02,2
34,185.55,472,4,9/26/13 18:12,2
35,152.28,309,5,3/22/15 14:49,2
36,118.15,221,1,8/24/15 18:41,1
37,4.35,93,4,9/26/15 12:26,1
38,63.67,5,1,3/22/14 14:20,2
39,53.27,7,5,7/28/14 14:12,2
40,109.64,48,4,1/26/13 15:59,2
41,177.71,349,4,5/27/13 18:22,1
42,14.62,106,1,7/27/13 16:27,2
43,88.73,424,5,4/24/13 14:47,2
44,119.2,409,1,7/26/13 13:51,2
45,85.86,50,2,8/28/14 16:46,2
46,10.77,84,3,7/23/14 21:47,1
47,3.36,372,2,9/28/15 23:29,1
48,149.73,21,1,9/23/13 16:08,2
49,35.62,278,5,6/27/14 17:38,2
50,1.65,370,1,4/28/14 12:42,2
51,42.39,280,1,3/27/16 23:53,1
52,78.47,195,5,7/22/14 15:48,1
53,142.04,378,5,2/23/16 12:06,1
54,172.01,421,2,2/24/14 18:43,1
55,66.69,180,2,5/27/15 13:57,2
56,117.7,411,5,9/22/16 14:19,2
57,163.82,334,4,1/27/14 13:42,1
58,177.13,309,2,8/26/14 20:53,2
59,189.32,212,2,2/23/16 11:17,1
60,80.33,158,4,6/26/15 15:40,1
61,164.84,128,5,5/27/16 13:54,2
62,115.63,43,1,2/22/15 23:53,1
63,74.62,246,3,10/27/16 17:31,1
64,126.71,300,2,3/28/14 12:39,2
65,192.8,350,1,8/24/15 10:20,1
66,60.8,313,3,3/24/14 17:43,1
67,30.25,68,1,3/28/15 23:29,2
68,57.79,1,3,9/28/14 17:26,2
69,48.29,5,2,6/24/14 12:08,1
70,148.65,440,3,5/22/15 16:29,1
71,123.76,414,2,3/24/16 10:19,2
72,78.42,219,5,6/23/16 10:29,2
73,57.66,408,1,9/25/16 23:04,1
74,41.99,150,2,8/24/16 13:22,2
75,75.33,392,4,5/22/14 18:49,1
76,173.6,349,4,5/27/13 18:31,2
77,149,258,3,6/22/14 22:32,2
78,66.54,180,1,8/23/16 17:25,1
79,27.06,292,4,7/23/14 16:17,1
80,25.04,482,1,2/23/13 14:18,2
81,6.14,355,3,1/22/13 23:40,1
82,64.92,492,4,5/24/16 14:49,2
83,64.56,251,5,1/23/15 22:17,1
84,3.86,196,1,3/26/14 16:47,1
85,160.58,350,2,8/27/16 11:23,1
86,195.37,251,4,5/28/15 16:42,1
87,108.31,458,3,7/24/13 19:13,1
88,186.56,60,1,5/24/14 17:20,2
89,23.31,456,1,6/25/16 18:13,1
90,42.74,151,5,8/25/15 11:31,2
91,63.03,432,2,9/28/15 18:49,1
92,16.73,296,4,5/27/16 18:26,2
93,53.12,424,5,6/27/15 20:18,2
94,160.25,68,3,5/22/13 21:16,2
95,76.9,396,3,4/26/13 19:29,1
96,169.79,435,2,4/27/13 20:56,2
97,41,315,1,7/27/16 15:40,1
98,96.71,186,2,5/24/13 16:34,1
99,24.71,340,5,6/23/16 22:46,2
100,118.32,293,1,9/22/13 23:11,1
101,24.93,53,5,7/24/13 17:38,1
102,171.67,267,1,4/28/16 14:21,1
103,83.67,31,4,3/26/14 18:17,2
104,134.05,460,4,8/26/15 10:07,1
105,100.7,247,2,7/22/15 23:33,2
106,100.85,246,3,4/24/16 16:57,2
107,15.74,169,3,5/23/13 18:30,2
108,16.27,164,5,6/24/15 10:13,1
109,61.79,162,4,3/22/13 15:06,1
110,161.19,494,1,7/22/16 22:09,2
111,191.38,304,4,8/22/15 22:10,1
112,68.97,495,3,5/23/14 22:59,2
113,158.45,53,3,6/23/14 11:41,2
114,115.46,366,2,6/24/16 23:15,1
115,37.17,62,4,2/28/16 10:13,1
116,181.41,83,5,10/26/14 15:10,1
117,135.17,226,3,6/23/13 19:12,2
118,17.68,170,2,2/24/14 20:07,2
119,191.22,290,3,7/27/13 10:38,1
120,80.11,29,5,5/25/14 20:59,2
121,90.75,451,5,5/25/14 10:41,2
122,40.25,464,5,8/22/13 15:13,1
123,23.33,233,2,10/23/13 22:38,2
124,63.02,106,2,4/27/14 20:01,1
125,97.03,433,5,2/23/15 16:42,1
126,183.81,182,2,4/27/13 19:47,1
127,68.83,164,4,2/23/15 17:25,2
128,41.56,333,4,5/27/14 19:21,2
129,101.94,143,4,3/28/15 23:11,1
130,193.76,180,4,5/22/13 22:40,1
131,56.4,288,5,5/25/16 10:50,2
132,170.53,69,3,6/24/16 18:59,1
133,129.2,253,4,5/25/16 14:53,2
134,67.91,161,4,1/27/14 23:03,2
135,106.98,147,2,5/25/13 23:55,2
136,167.63,387,4,10/28/15 14:11,2
137,8.23,263,5,3/26/14 22:31,2
138,106.66,340,1,6/23/13 19:22,1
139,67.1,127,2,5/27/13 23:02,2
140,120.3,157,5,6/25/14 17:48,2
141,164.45,182,3,5/24/15 11:37,1
142,103.22,370,1,4/22/15 15:39,2
143,140,361,3,6/26/13 18:12,1
144,55.66,243,3,4/26/13 17:01,1
145,172.13,111,2,3/23/14 18:10,1
146,178.75,368,1,7/23/14 18:20,1
147,164.87,470,1,4/25/13 18:38,1
148,175.23,367,4,8/23/15 21:42,1
149,102.78,171,3,5/25/13 19:41,1
150,113.18,52,5,8/23/16 13:07,2
151,55.74,236,4,4/24/13 21:30,1
152,153.59,251,2,3/23/15 15:04,1
153,137.78,92,5,4/27/16 22:21,2
154,21.95,337,5,4/24/16 12:13,1
155,104.45,64,4,7/24/15 14:49,2
156,124.39,479,3,2/28/14 14:04,1
157,171.24,51,2,5/25/14 11:28,2
158,117.96,208,1,6/25/16 23:21,2
159,181.32,479,1,7/24/13 14:51,2
160,42.83,91,2,4/23/15 13:20,1
161,143.93,339,1,2/25/13 13:12,2
162,129.54,454,1,3/26/13 11:22,2
163,184.52,53,4,5/23/14 23:23,1
164,199.77,419,1,2/23/15 15:25,1
165,174.85,242,3,5/26/13 10:35,1
166,199.39,426,5,3/23/13 17:53,1
167,161.49,356,1,10/22/14 15:16,2
168,187.11,126,2,3/24/16 23:13,1
169,5.52,254,1,8/26/15 20:29,1
170,143.02,149,2,3/22/15 22:46,2
171,63.09,238,2,9/27/15 10:30,2
172,197.98,460,2,5/26/16 23:25,1
173,191.02,286,2,7/25/14 13:08,2
174,78.8,88,5,6/22/16 19:27,1
175,13.13,461,1,7/26/13 21:38,2
176,67.66,334,1,3/26/13 19:38,1
177,8.37,264,1,4/27/16 20:48,2
178,143.48,319,1,4/28/14 19:02,2
179,146.81,58,2,5/26/14 21:12,1
180,173.15,144,2,6/27/13 12:51,1
181,23.64,222,4,6/24/14 20:05,2
182,44.86,258,1,4/27/16 12:10,2
183,131.2,288,5,2/24/13 14:24,1
184,6.12,99,5,8/27/15 12:52,2
185,106.21,484,1,4/26/14 23:58,1
186,100.49,34,1,7/27/15 16:42,2
187,6.43,273,5,4/24/14 19:48,2
188,82.5,311,2,7/27/15 18:07,1
189,67.08,29,1,10/23/15 13:49,2
190,94.89,169,2,3/22/16 15:14,2
191,10.5,373,1,4/22/16 22:29,2
192,154.02,406,1,9/27/13 17:37,1
193,157.96,82,5,6/23/14 23:38,1
194,29.5,179,4,6/22/13 13:25,2
195,114.34,203,3,8/25/15 13:12,1
196,100.57,164,3,9/25/16 22:06,1
197,33.48,279,1,8/27/13 22:13,2
198,31.81,370,1,2/27/15 20:37,1
199,163.07,89,5,3/25/13 10:48,2
200,65.35,222,1,3/27/14 23:50,2
201,58.06,121,3,4/22/15 16:08,1
202,195.08,377,1,5/27/16 18:32,1
203,46.08,48,1,5/28/15 18:19,2
204,79.39,97,2,2/23/14 12:26,2
205,176.51,486,5,4/28/15 22:10,2
206,12.17,74,4,4/23/13 19:25,2
207,189.62,387,3,9/27/13 18:36,2
208,82.57,140,1,3/24/13 12:59,1
209,74.11,9,1,3/26/16 14:31,1
210,136.14,191,1,5/26/15 20:36,1
211,100.28,354,1,8/27/14 22:06,1
212,80.04,96,2,9/26/16 11:06,1
213,85.32,434,3,8/28/13 21:41,1
214,66.2,412,1,7/22/16 18:36,2
215,60.92,257,3,3/25/16 23:46,2
216,52.55,182,3,1/25/16 10:29,2
217,136.13,228,3,8/28/14 23:50,2
218,161.1,452,3,4/28/15 19:07,1
219,153.82,472,3,6/25/15 10:33,1
220,166,288,4,7/22/15 23:49,1
221,198.14,470,4,5/23/16 22:11,2
222,134.56,234,1,5/28/16 22:17,2
223,124.69,338,2,6/22/15 14:33,1
224,121.83,230,4,5/22/16 12:24,1
225,151.94,275,1,9/27/16 20:13,2
226,59.56,33,4,7/23/15 11:24,2
227,136.26,444,5,10/27/15 23:25,1
228,169.67,189,4,2/24/15 19:53,1
229,111.72,176,3,3/28/15 21:14,2
230,96.42,170,3,9/25/13 15:05,1
231,196.99,14,5,7/24/14 13:18,2
232,25.08,213,5,8/27/13 15:42,2
233,70.21,16,5,5/27/13 15:39,1
234,117.79,179,5,1/25/13 21:16,1
235,61.27,303,4,4/25/16 11:57,1
236,69.4,50,1,4/24/16 19:35,1
237,140.54,260,4,5/25/14 17:51,2
238,90.82,186,4,2/22/15 21:07,2
239,179.76,271,1,5/24/13 23:29,1
240,95.71,363,2,4/26/13 18:22,2
241,55.52,334,4,8/26/14 18:14,1
242,16.26,181,4,6/28/15 22:35,1
243,188.3,259,2,3/22/13 19:44,1
244,34.98,219,3,5/27/14 13:29,2
245,86.08,448,3,7/28/15 12:51,1
246,62.4,103,3,4/27/13 15:14,1
247,89.7,195,4,3/26/15 23:23,2
248,183.69,452,1,9/25/15 13:01,2
249,97.6,465,1,5/25/13 10:53,1
250,89.88,279,2,5/22/14 21:02,1
251,116.39,40,2,3/25/15 15:59,2
252,147.27,94,5,6/23/15 10:24,1
253,105.49,191,3,8/22/13 18:41,2
254,73.88,432,1,6/22/15 20:12,1
255,195.72,424,3,3/27/15 20:32,2
256,149.38,500,1,4/23/15 15:43,1
257,41.89,83,3,5/25/15 13:46,2
258,135,192,2,3/24/15 10:01,2
259,191.64,116,1,9/23/15 13:40,2
260,78.91,76,5,4/28/14 11:28,1
261,29.56,153,5,7/27/14 13:55,2
262,23.84,362,2,10/24/16 14:56,1
263,134.41,322,2,4/22/15 10:39,1
264,162.89,169,5,4/22/13 19:54,1
265,4.18,275,4,5/24/15 20:11,1
266,130.66,155,1,2/25/15 23:22,1
267,58,229,4,3/22/13 17:40,2
268,68.35,19,2,3/22/16 12:45,1
269,120.65,12,4,6/24/16 18:51,1
270,25.63,32,4,4/28/16 12:57,2
271,167.64,349,1,7/27/16 21:12,2
272,126.28,493,3,4/25/15 15:33,1
273,194.67,53,4,10/23/15 10:49,2
274,47.22,115,5,6/22/15 23:34,2
275,120.24,432,5,5/23/13 19:01,2
276,193.24,231,3,1/26/16 22:50,1
277,113.71,209,2,5/25/16 11:34,2
278,95.82,123,5,8/24/14 15:43,1
279,45.4,12,4,1/24/15 17:47,2
280,27.44,21,1,8/26/14 14:50,1
281,109.59,492,2,9/22/15 19:54,2
282,196.73,500,3,6/22/16 19:44,2
283,129.44,216,2,10/26/14 23:45,2
284,155.34,319,3,10/24/15 18:03,2
285,11.77,263,5,5/26/15 23:46,1
286,172.89,18,4,9/24/15 11:50,1
287,127.69,18,2,10/26/16 22:47,2
288,98.02,414,4,9/26/15 17:11,1
289,50.68,475,5,3/27/16 20:59,2
290,154.02,349,2,4/27/15 21:38,1
291,25.33,4,3,1/25/16 23:15,1
292,171.58,303,5,7/27/13 21:10,1
293,7.05,49,2,9/28/15 11:34,2
294,157.59,433,4,8/26/15 22:07,2
295,12.46,246,4,8/24/16 19:24,2
296,110.98,463,4,6/27/13 17:51,2
297,142.48,258,5,6/26/14 11:09,2
298,133.27,331,1,5/26/13 16:35,1
299,114.96,388,1,4/27/14 15:36,1
300,137.22,44,1,2/25/15 22:13,1
301,117.65,127,2,5/22/16 16:45,1
302,198.4,57,5,5/26/14 10:27,1
303,58.78,392,2,8/23/13 10:20,2
304,3.07,417,4,5/23/15 14:41,1
305,104.25,15,4,6/23/14 19:50,2
306,80.89,32,4,8/26/14 18:48,1
307,195.3,255,4,6/27/16 13:53,2
308,71.92,80,1,10/24/14 14:51,1
309,124.77,206,3,10/22/13 17:29,2
310,84.42,296,4,1/25/13 22:11,2
311,64.78,122,4,8/26/16 17:05,2
312,170.97,389,5,7/24/14 17:13,1
313,95.63,66,3,7/22/14 23:02,2
314,81.27,178,3,5/25/14 19:47,2
315,16.43,203,2,2/25/15 15:54,2
316,77.89,155,1,4/23/16 10:03,2
317,99.69,337,2,1/28/13 11:19,2
318,142.1,460,4,3/23/13 22:51,1
319,63.44,12,3,6/24/15 19:33,1
320,55.23,26,3,2/28/15 11:27,1
321,93.14,211,1,9/27/13 16:12,2
322,118.98,263,5,10/22/14 21:46,2
323,129.92,412,2,7/26/16 18:30,1
324,190.87,322,3,6/28/16 20:22,2
325,88.08,330,3,6/26/16 17:01,1
326,31.13,71,3,6/25/13 20:16,2
327,96.19,261,4,2/27/15 13:32,1
328,66.68,290,5,9/23/14 22:56,2
329,129.29,14,3,3/23/15 11:43,2
330,120.3,376,2,6/25/13 12:08,2
331,67.81,251,5,4/25/13 14:03,2
332,91.06,312,1,8/22/13 16:54,2
333,117.33,38,2,2/28/15 13:25,2
334,175.54,148,2,5/26/13 19:25,1
335,62.5,497,4,6/24/16 22:40,1
336,68.47,8,5,5/24/13 18:43,2
337,106.96,403,5,10/25/14 14:20,1
338,144.14,273,3,9/27/13 10:47,1
339,12.07,272,2,3/23/13 14:46,2
340,150.58,378,3,7/27/14 17:18,2
341,2.24,280,4,4/24/16 17:53,1
342,130.97,481,1,8/22/15 22:05,2
343,171.76,34,2,10/27/13 14:49,2
344,102.59,349,3,5/23/15 10:46,1
345,145.34,262,5,7/28/14 14:40,1
346,104.24,468,5,6/22/16 15:05,2
347,173.1,31,5,8/23/14 10:03,1
348,140.65,476,5,9/24/15 13:47,2
349,117.29,132,1,6/23/13 22:30,2
350,181.65,255,2,7/22/15 19:51,1
351,30.74,14,5,2/28/16 18:23,1
352,151.12,386,4,5/28/15 15:22,2
353,117.57,488,5,7/23/13 18:19,1
354,91.21,183,5,6/25/14 23:07,1
355,174.64,184,2,4/25/16 15:53,1
356,175.34,493,5,7/26/15 19:52,2
357,24.42,422,2,5/24/15 14:54,2
358,45.12,139,5,6/22/13 22:45,2
359,163.75,74,1,5/23/15 16:54,2
360,168.99,19,5,7/23/16 15:57,1
361,68.28,484,5,7/25/16 10:14,1
362,161.97,12,1,5/24/15 10:13,1
363,132.92,140,1,7/24/16 14:08,1
364,83.6,55,5,6/24/13 13:20,1
365,155.57,275,2,1/28/15 11:23,2
366,96.92,243,4,4/22/16 18:30,1
367,77.93,479,2,3/24/15 13:27,1
368,113.28,270,4,9/28/15 18:49,1
369,131.09,486,2,7/24/13 15:02,2
370,168.62,327,3,5/25/15 12:31,1
371,90.2,278,1,9/25/15 20:38,1
372,192.98,301,1,3/27/14 18:54,1
373,51.89,375,5,7/26/16 23:37,1
374,188.53,163,3,4/24/16 18:07,1
375,161.05,389,5,3/27/16 10:16,1
376,173.5,136,2,6/24/13 17:41,1
377,55.31,472,1,5/27/14 12:19,2
378,187.79,303,4,5/25/16 10:56,1
379,162.79,451,4,3/23/16 13:23,1
380,198.41,458,1,4/27/13 19:57,1
381,145.43,136,3,5/25/15 22:15,2
382,50.67,230,5,4/24/15 23:20,2
383,51.89,418,5,6/28/16 13:43,1
384,167.38,224,3,6/26/16 19:47,2
385,40.44,40,3,2/23/15 19:45,1
386,62.26,254,2,4/26/13 22:42,1
387,69.29,22,3,3/28/13 18:07,2
388,193.05,455,2,3/25/16 12:05,2
389,62.9,493,5,6/22/13 11:33,1
390,31.85,351,3,8/24/13 13:03,2
391,32.81,341,5,4/23/13 22:41,2
392,154.74,181,1,2/28/16 16:33,1
393,23.23,207,3,8/26/14 13:26,2
394,163.15,95,4,4/23/16 16:40,1
395,45.55,449,3,4/25/16 11:12,2
396,137.27,81,3,6/24/13 11:07,1
397,178.51,27,3,7/24/14 23:11,2
398,88.91,211,4,7/24/14 14:03,1
399,38.1,32,3,4/25/15 17:31,2
400,180.09,347,4,4/26/14 16:04,1
401,196.24,319,5,9/27/14 16:10,1
402,86.52,427,1,4/26/14 11:10,2
403,45.49,242,2,5/22/13 20:20,1
404,11.27,194,5,8/24/13 12:15,1
405,24.45,447,1,5/22/15 16:29,2
406,173.09,133,2,7/27/16 19:14,1
407,143.51,40,3,6/23/13 19:58,2
408,127.57,410,5,7/22/13 16:54,1
409,19.49,253,4,9/22/15 21:55,1
410,25.39,34,4,2/23/15 18:11,1
411,148.85,480,1,3/25/15 14:49,2
412,133.66,258,1,8/25/14 22:38,2
413,33.03,250,2,4/23/16 21:55,1
414,109.48,277,3,5/24/16 20:40,1
415,45.42,317,5,5/26/15 14:27,1
416,39.51,20,2,7/25/15 14:33,2
417,57.14,19,1,8/26/14 22:27,2
418,157.9,382,5,8/24/15 15:33,1
419,33.45,233,2,6/23/13 13:54,2
420,130.57,67,5,8/26/16 19:04,2
421,164.78,16,5,6/25/14 21:38,2
422,53.69,315,3,1/25/13 11:02,2
423,98.01,174,2,8/27/16 23:08,1
424,31.09,84,5,6/26/13 16:22,2
425,38.42,123,5,5/25/15 19:50,1
426,22.01,451,1,2/25/14 13:29,2
427,129.45,444,1,5/24/13 19:48,1
428,94.69,384,5,6/27/16 16:55,2
429,152.38,499,5,8/26/15 20:53,1
430,67.07,15,1,5/26/16 12:38,2
431,169.24,240,3,7/27/16 21:46,1
432,129.69,46,5,10/24/16 20:48,1
433,14.67,497,4,8/27/16 12:21,2
434,28.82,439,1,1/23/14 19:59,1
435,96.5,171,4,5/28/14 13:11,2
436,50.74,123,5,4/23/16 14:29,2
437,65.18,30,2,8/22/14 11:38,2
438,125.09,316,4,7/28/16 11:50,2
439,137.18,400,4,4/25/16 16:01,1
440,82.97,389,4,10/25/13 10:10,2
441,50.74,326,1,7/24/14 10:46,2
442,39.93,230,4,4/27/13 12:13,1
443,82.35,360,1,2/26/15 17:04,2
444,190.1,334,1,4/26/13 13:20,2
445,199.86,50,2,8/26/14 20:41,1
446,136.21,234,1,8/28/13 13:35,2
447,173.94,198,2,9/27/16 10:09,2
448,166.95,67,1,2/22/13 17:18,2
449,37.31,439,5,4/24/13 10:05,1
450,164.12,439,4,6/23/16 13:35,2
451,28.67,58,2,6/28/14 18:46,1
452,31.53,399,3,5/27/13 14:20,1
453,40.1,417,2,8/22/14 13:06,1
454,96.44,22,1,5/24/14 17:33,2
455,102.1,154,1,6/25/13 11:07,1
456,9.59,297,3,5/24/13 12:54,2
457,118.51,71,3,10/25/14 11:36,2
458,183.7,476,1,7/24/14 21:13,2
459,88.56,401,1,8/23/13 20:42,2
460,127.39,268,3,6/24/15 21:56,1
461,49.35,333,4,5/27/15 21:22,1
462,153.76,444,5,9/23/13 17:19,1
463,16.08,36,4,7/22/15 16:25,2
464,114.14,459,5,8/24/14 11:30,2
465,80.27,6,2,7/28/14 12:13,1
466,168.88,105,4,5/27/14 13:04,2
467,147.31,21,1,4/28/13 19:41,2
468,127.66,232,1,9/22/13 19:59,1
469,164.87,360,2,9/23/13 15:06,1
470,138.12,3,1,7/24/13 12:42,2
471,19.44,464,5,2/27/16 14:37,1
472,63.35,378,5,5/24/14 15:53,1
473,97.68,197,2,4/23/16 13:35,2
474,35.35,66,3,4/25/16 18:58,2
475,45.26,442,3,7/22/16 19:39,2
476,121.47,80,1,2/25/14 19:18,1
477,86.31,264,4,4/23/16 19:06,1
478,4.01,323,4,2/22/16 12:44,1
479,104.55,347,3,8/23/15 15:52,1
480,149.24,417,1,3/23/13 19:33,1
481,112.79,370,1,5/25/14 12:26,2
482,2.21,285,4,2/27/16 12:47,2
483,35.49,419,2,9/28/13 18:01,1
484,129.78,411,1,4/23/16 15:55,2
485,179.8,307,2,5/28/14 23:39,1
486,171.6,73,4,5/22/13 17:04,2
487,79.05,122,2,4/24/15 18:55,1
488,154.84,365,1,4/23/13 19:05,2
489,146.72,107,3,3/22/15 22:05,1
490,101.22,415,3,2/22/16 13:08,1
491,191.42,93,1,8/25/14 14:50,2
492,137.43,418,1,5/24/14 21:48,1
493,185.44,353,5,9/28/14 21:40,2
494,195.9,45,2,8/22/13 11:13,2
495,138.61,302,3,3/27/15 19:43,1
496,40.27,431,1,4/25/15 14:35,1
497,156.55,385,5,1/28/16 12:22,2
498,101.47,271,1,3/22/13 23:50,1
499,110.66,401,2,6/28/14 12:19,2
500,78.5,365,5,6/28/15 23:22,2
501,180.48,452,5,7/28/13 12:11,2
502,129.31,498,5,6/28/14 20:37,1
503,105.38,164,3,4/25/13 10:23,1
504,110.12,466,1,3/26/14 14:28,2
505,27.96,489,5,5/24/13 21:53,2
506,170.87,400,3,7/28/16 12:13,1
507,195.52,226,4,8/25/15 10:55,1
508,13.61,118,1,4/23/16 13:32,2
509,2.94,347,5,7/22/16 21:30,1
510,76.3,98,2,9/23/16 15:06,1
511,84.18,258,3,3/23/15 22:36,1
512,91.2,306,3,2/24/16 18:32,1
513,183.88,300,3,5/22/13 18:45,2
514,60.02,423,5,6/26/16 13:14,2
515,160.22,364,1,4/27/16 10:13,1
516,166.59,266,4,4/27/13 22:30,2
517,26.59,366,3,1/28/13 14:50,1
518,46.45,141,4,10/28/16 20:26,1
519,96.25,59,3,3/26/13 19:25,1
520,23.16,155,2,5/27/14 12:03,2
521,67.1,394,1,4/25/14 21:13,2
522,35.74,174,5,1/28/14 10:21,1
523,100.3,173,1,2/22/14 12:39,1
524,60.19,472,5,8/25/14 15:23,2
525,198.72,404,5,2/23/15 14:50,2
526,160.77,258,3,3/22/14 19:37,1
527,89.86,166,1,4/28/14 11:11,2
528,195.63,489,1,9/23/14 17:14,2
529,79.48,421,3,7/22/16 17:02,1
530,26.03,163,5,5/25/16 21:33,2
531,65.75,430,2,6/23/16 20:24,2
532,116.77,14,3,7/26/16 13:09,1
533,134.64,14,2,5/24/16 13:11,2
534,59.67,125,2,8/25/15 18:30,2
535,154.36,35,4,7/25/13 14:41,2
536,25.23,351,1,7/23/15 11:43,1
537,159.01,485,1,9/23/14 21:56,2
538,49.24,393,3,7/22/14 19:36,1
539,8.61,218,5,8/27/13 18:20,1
540,143.02,105,4,10/26/15 22:19,1
541,133.19,27,4,5/27/13 14:09,1
542,117.72,151,1,5/24/15 23:28,2
543,89.74,256,3,4/25/14 20:13,1
544,168.3,449,2,4/27/13 22:12,1
545,82.6,347,3,3/22/14 14:32,1
546,170.41,40,2,8/24/15 19:18,2
547,192.02,346,4,6/24/14 12:26,1
548,138.86,322,4,3/27/16 13:21,1
549,59.98,247,3,4/22/14 21:41,2
550,174.88,306,1,3/24/13 13:14,1
551,153.78,245,3,3/24/15 15:14,1
552,65.86,57,4,7/22/16 15:26,1
553,196.34,185,4,2/22/15 13:15,2
554,139.63,481,2,5/25/13 16:35,2
555,81.55,63,2,7/25/15 11:18,1
556,141.08,118,3,3/25/13 17:45,1
557,189.25,104,4,7/26/15 15:40,2
558,164.01,208,4,9/26/13 10:57,1
559,88.05,298,1,4/25/15 19:48,2
560,146.59,293,2,7/25/13 20:58,2
561,56.64,223,5,9/25/13 14:37,2
562,5.86,175,5,4/22/16 16:36,2
563,54.75,164,4,6/24/15 23:51,2
564,144.24,45,4,8/27/16 16:03,2
565,41.32,425,1,7/28/16 11:44,1
566,91.65,320,5,6/28/16 18:51,1
567,118.07,388,1,6/27/14 16:37,2
568,35.79,2,4,6/23/14 15:09,1
569,89.35,146,4,6/22/14 22:15,2
570,14.57,450,4,3/22/16 18:21,1
571,119.7,27,2,2/25/16 12:41,1
572,56.82,290,5,6/23/15 15:19,1
573,78.19,276,5,2/28/13 10:20,1
574,76.07,113,3,6/24/14 10:11,1
575,161.31,109,4,7/28/13 17:20,1
576,89.82,113,5,2/27/15 22:54,1
577,108.14,165,2,3/26/15 22:38,2
578,86.17,191,3,4/28/13 16:12,1
579,86.76,136,5,4/22/13 12:58,2
580,34.03,256,5,7/26/14 10:29,1
581,117.44,330,5,4/28/13 23:28,1
582,138.58,28,3,7/23/16 16:14,1
583,198.47,326,2,2/26/14 13:31,2
584,134.47,206,1,1/24/14 20:20,2
585,83.48,461,1,6/26/14 16:12,2
586,131.41,142,5,9/23/14 16:37,1
587,98.08,458,4,2/25/14 10:22,1
588,6.54,212,2,5/24/15 23:43,1
589,174.47,297,2,4/26/14 16:40,2
590,140.53,179,2,10/24/16 11:45,1
591,71.41,130,2,4/23/13 15:56,1
592,24.94,191,3,4/23/16 23:36,2
593,85.14,447,3,8/22/14 19:57,2
594,31.41,484,1,6/24/13 23:55,2
595,182.22,70,5,5/23/13 11:59,2
596,185.76,223,2,4/22/13 15:38,2
597,81.88,203,1,5/25/15 16:23,1
598,183.48,413,2,2/26/13 22:35,1
599,150.62,347,3,5/24/16 22:37,1
600,74.89,399,1,3/26/13 19:05,1
601,184.22,117,1,7/25/15 19:49,2
602,125.39,365,5,9/24/14 19:50,1
603,52.43,431,5,9/22/15 23:46,1
604,120.95,231,4,2/26/14 21:14,1
605,92.07,332,5,4/28/13 16:49,1
606,26.63,288,1,3/28/13 14:54,1
607,18.06,412,4,5/23/13 22:52,2
608,145.07,252,2,8/26/14 22:48,1
609,20.14,377,2,5/25/13 14:34,2
610,56.65,250,5,7/22/16 22:24,1
611,3.48,478,3,3/25/14 22:04,2
612,44.01,163,2,6/27/14 11:30,1
613,183.55,177,4,1/28/16 21:05,1
614,199.14,252,3,4/28/13 16:40,2
615,75.29,185,4,5/23/13 15:12,1
616,195.46,467,3,2/23/15 10:27,1
617,32.19,45,5,3/26/16 13:22,1
618,56.39,184,4,10/23/16 16:45,1
619,50.26,158,3,9/26/15 22:32,1
620,93.53,390,3,7/27/15 14:02,2
621,160.45,396,4,5/23/16 13:52,2
622,130.77,289,3,5/27/16 13:33,1
623,17.72,374,2,8/24/13 18:20,1
624,44.32,384,4,5/23/15 16:51,2
625,20.76,73,2,5/27/13 17:36,1
626,20.01,102,1,7/24/15 14:07,2
627,12.32,40,3,7/24/14 16:02,1
628,142.26,212,3,5/24/14 10:46,2
629,99.52,381,2,4/24/13 20:12,1
630,166.17,105,5,4/26/16 17:59,1
631,198.02,345,3,6/22/15 13:55,1
632,136.91,135,4,4/27/13 22:41,2
633,60.66,382,4,9/22/15 21:45,2
634,78.01,102,5,6/28/15 22:17,1
635,154.21,385,5,8/28/16 15:08,2
636,167.92,97,5,8/28/13 20:49,2
637,5.88,216,3,7/22/14 19:49,2
638,84.06,167,5,2/27/14 22:58,2
639,78.86,457,5,5/25/14 15:31,1
640,177.28,313,2,4/22/13 22:14,2
641,52.09,500,3,2/22/13 12:33,2
642,102.03,208,1,10/24/15 17:27,2
643,90.73,297,4,8/25/14 10:14,2
644,114.29,281,1,2/22/13 21:42,1
645,142.32,106,5,6/23/16 15:22,2
646,36.87,346,4,2/26/14 16:12,2
647,41.23,450,2,6/25/15 20:29,1
648,149.04,367,1,1/22/16 22:35,1
649,70.01,383,1,3/26/13 21:49,1
650,133.42,20,3,6/28/16 18:01,2
651,22.13,93,3,1/28/14 18:27,2
652,132.44,167,2,5/26/13 20:53,1
653,93.49,470,3,10/23/13 14:25,2
654,126.35,271,3,7/27/14 23:50,2
655,142.6,347,3,3/26/16 22:20,1
656,19.28,296,5,7/23/15 19:43,2
657,4.22,400,4,8/22/15 11:14,1
658,117.08,120,4,6/22/14 14:20,2
659,95.84,152,2,7/26/16 11:40,2
660,172.45,481,1,5/27/16 14:07,2
661,66.01,54,2,9/28/16 12:54,1
662,172.5,120,2,6/22/16 12:36,2
663,123.62,326,4,3/24/15 22:55,1
664,54.23,45,4,7/24/16 22:51,1
665,162.73,452,4,2/25/16 12:25,2
666,6.29,13,5,7/24/14 23:47,1
667,131.72,7,1,8/23/14 21:02,1
668,80.51,436,3,9/28/14 13:23,2
669,53.54,473,5,5/22/13 16:46,1
670,173.92,66,2,7/23/16 16:25,2
671,104.41,126,4,1/23/14 19:06,2
672,161.28,83,2,4/24/16 17:27,1
673,134.8,423,2,8/24/16 18:40,1
674,42.32,462,5,4/27/14 15:49,1
675,54.77,351,5,5/27/15 17:51,2
676,101.31,465,1,1/27/14 19:43,1
677,172,151,3,4/24/15 12:49,2
678,0.2,417,4,6/23/16 11:11,2
679,96.13,365,4,6/28/16 21:43,2
680,95.27,139,5,8/24/14 16:57,1
681,20.7,251,2,8/27/14 16:17,1
682,192.16,475,3,8/26/14 18:58,2
683,46.71,231,1,9/23/16 20:03,1
684,60.5,287,4,4/22/13 11:17,2
685,157.18,348,2,10/22/16 19:21,2
686,40.35,399,3,8/28/15 19:54,1
687,197.5,315,5,4/26/14 14:51,2
688,166.27,308,3,5/25/13 12:47,1
689,118.19,186,2,7/25/15 19:15,1
690,106.13,312,3,7/23/16 12:45,2
691,44.91,117,2,3/23/15 23:53,2
692,72.05,6,3,7/24/14 11:13,2
693,170.05,127,3,7/23/15 19:25,1
694,49.26,111,3,8/23/16 22:51,1
695,15.33,294,5,4/23/15 22:08,2
696,155.05,198,5,8/23/15 19:23,1
697,102.28,90,5,10/25/13 14:56,1
698,166.84,138,5,5/27/15 19:33,1
699,83.42,446,4,4/24/15 12:38,1
700,173.96,203,4,3/22/14 19:28,2
701,17.26,286,5,3/25/15 22:22,1
702,38.13,358,4,4/27/14 11:18,1
703,46.88,332,2,6/23/16 22:44,2
704,73.6,230,5,3/25/14 20:30,1
705,106.5,419,4,5/25/15 16:12,1
706,150.02,56,1,5/28/14 23:40,2
707,58.3,244,5,4/24/15 16:27,2
708,101.67,499,1,4/22/14 14:22,2
709,112.78,98,2,1/22/13 20:25,1
710,81.75,130,5,4/23/14 14:48,2
711,61.56,263,1,3/26/16 18:25,2
712,178.16,375,1,6/22/16 12:50,1
713,60.78,237,3,5/25/14 15:07,1
714,23.76,246,1,9/28/14 11:30,1
715,129.39,416,3,4/23/13 22:05,1
716,53.96,45,2,4/27/16 12:20,1
717,105.72,261,3,7/23/13 15:16,1
718,60.35,93,3,6/26/14 20:40,1
719,7.97,106,5,4/28/15 13:55,2
720,83.25,433,4,3/28/14 15:24,2
721,166.21,452,4,4/22/14 21:20,2
722,30.27,231,3,4/27/14 12:18,2
723,0.64,1,2,8/25/13 20:40,1
724,183.36,351,4,3/25/14 15:19,2
725,159.02,333,2,10/24/16 11:55,2
726,159.23,229,5,7/23/13 21:56,2
727,92.99,311,5,1/28/16 19:17,1
728,43.51,196,5,6/23/14 21:18,2
729,140.64,297,2,6/27/14 16:12,2
730,162.63,183,2,5/25/16 17:17,2
731,51.26,433,1,6/26/13 18:20,2
732,33.35,418,4,9/26/16 10:49,2
733,131.74,11,4,2/23/14 11:20,2
734,97.48,334,5,5/23/16 13:50,2
735,91.44,378,2,6/22/15 23:04,1
736,168.45,488,4,4/25/15 14:06,2
737,7.05,181,4,2/28/14 10:16,1
738,24.1,414,3,6/24/14 17:18,2
739,108.81,189,1,4/24/14 14:51,2
740,148.33,350,2,4/26/15 15:35,1
741,139.96,286,5,5/28/14 20:49,1
742,46.45,96,1,2/25/14 18:24,2
743,133.97,396,1,10/27/15 19:49,1
744,173.59,248,5,6/28/13 12:53,2
745,85.21,28,5,7/26/15 16:42,2
746,51.51,170,3,7/26/13 14:12,1
747,79.15,328,1,5/27/13 10:44,1
748,46.2,382,1,7/22/14 13:18,2
749,165.82,142,2,3/22/14 22:30,1
750,134.29,364,3,4/27/16 16:40,1
751,144.48,40,4,7/25/14 16:06,2
752,41.19,64,4,3/27/15 18:03,1
753,48.24,289,2,3/28/14 14:19,1
754,86.96,320,5,10/28/13 14:30,2
755,137.96,439,4,4/24/13 16:48,1
756,14.62,61,3,5/26/14 14:14,1
757,57.52,264,4,8/24/14 11:29,1
758,156.06,14,5,5/24/13 15:47,1
759,175.48,361,3,8/28/13 19:55,2
760,131.25,496,3,3/23/15 11:09,1
761,102.99,410,3,8/23/13 18:59,1
762,170.84,122,3,3/23/14 10:20,1
763,32.74,362,2,4/27/15 16:05,1
764,54.19,73,4,9/23/16 15:45,1
765,22.84,134,5,4/24/16 14:39,1
766,172.41,339,2,4/23/13 20:15,2
767,5.4,488,1,9/25/14 15:44,1
768,54.28,2,3,3/23/14 21:21,2
769,25.95,366,2,5/25/14 19:30,1
770,15.1,440,1,8/25/16 21:21,2
771,82.8,129,3,2/25/14 18:04,1
772,41.96,210,1,7/22/13 21:20,1
773,179.26,46,1,4/22/13 11:39,1
774,160.33,320,5,3/28/14 21:34,2
775,150.14,369,2,3/25/16 21:16,1
776,0.43,78,5,7/23/13 16:51,1
777,134.09,362,5,5/24/16 20:19,1
778,194.58,120,2,2/23/15 20:22,2
779,76.24,101,1,7/28/15 10:41,2
780,85.96,288,1,3/27/14 17:51,2
781,64.54,224,2,8/28/14 18:52,1
782,66.54,340,1,5/23/15 17:01,1
783,174.44,56,1,6/26/13 16:52,2
784,14.9,407,5,6/24/13 19:59,2
785,81.25,187,2,8/26/14 16:51,2
786,88.26,347,1,4/22/16 22:04,1
787,174.34,15,5,10/25/16 18:01,1
788,81.19,33,1,6/25/16 20:10,2
789,37.95,112,3,7/23/14 16:55,2
790,110.85,33,5,7/27/14 21:52,2
791,164.86,216,1,6/26/13 22:15,2
792,48.93,130,3,6/22/15 23:48,1
793,163.2,252,3,3/24/14 20:53,1
794,184.31,391,5,6/25/15 11:35,1
795,54.73,48,1,6/28/15 21:14,1
796,112.82,306,4,3/22/16 16:54,2
797,67.8,160,2,6/23/14 10:24,2
798,99.26,24,2,3/24/16 23:52,1
799,101.6,375,4,7/26/16 23:46,1
800,169.9,241,4,6/22/14 11:15,1
801,135.49,448,1,5/22/15 20:44,1
802,4.44,448,1,10/27/13 10:20,1
803,141.6,22,4,6/28/15 10:20,1
804,110.43,210,4,9/26/16 20:53,1
805,116.6,440,2,6/24/14 21:47,2
806,123.7,92,2,5/24/16 14:28,2
807,184.28,336,2,5/25/13 23:46,1
808,193.55,472,3,5/22/15 17:50,2
809,91.61,37,2,8/26/15 15:30,2
810,168.99,345,5,1/25/13 21:44,2
811,154.64,264,5,9/23/13 19:05,2
812,195.22,67,5,5/28/14 21:02,1
813,25.34,139,2,2/26/14 11:04,2
814,42.46,285,4,4/27/16 14:49,2
815,37.29,455,4,7/27/13 18:50,1
816,147.21,75,4,9/25/13 18:12,1
817,4.9,284,1,6/27/16 11:27,2
818,197.78,139,5,2/25/15 12:06,1
819,65.29,420,4,7/28/16 17:54,1
820,191.42,104,1,9/23/13 22:40,2
821,75.62,276,2,7/26/14 21:53,2
822,142.31,498,5,2/28/15 13:04,1
823,172.93,188,4,5/26/16 15:56,2
824,45.55,36,4,5/26/15 12:41,2
825,192.27,379,1,3/25/15 15:55,2
826,89.64,196,2,5/27/13 20:39,1
827,20.19,312,5,5/23/13 10:34,2
828,69.54,480,4,4/22/14 10:54,1
829,22.35,372,5,3/25/15 13:08,1
830,104.3,497,5,5/23/16 15:28,2
831,85.85,346,1,7/24/16 21:57,1
832,123.49,256,1,8/26/14 13:09,1
833,176.56,9,1,4/24/15 13:59,1
834,160.9,250,4,7/26/13 15:26,1
835,121.5,465,2,5/27/15 17:58,1
836,174.26,172,1,6/27/14 15:06,1
837,199.75,259,1,1/26/15 21:45,2
838,140.96,93,4,1/23/16 13:49,2
839,64.86,374,5,3/24/13 12:48,1
840,156.58,376,4,3/24/15 15:54,1
841,112.54,195,1,7/26/14 19:13,2
842,189.92,363,1,5/23/16 11:03,1
843,85.22,471,1,2/25/14 11:31,1
844,73.26,244,1,4/23/15 21:26,2
845,48.57,271,4,5/28/14 12:20,1
846,18.62,193,3,2/26/16 10:44,2
847,83.87,472,3,8/23/14 11:49,1
848,189.13,383,5,10/25/15 22:59,1
849,187.93,183,4,6/26/15 20:38,1
850,189.85,39,3,9/25/13 17:31,2
851,39.37,290,2,7/25/13 15:33,2
852,33.29,160,3,8/27/14 17:19,1
853,91.59,223,3,8/26/13 17:47,2
854,107.78,364,2,2/25/16 16:06,1
855,137.23,391,2,7/24/16 23:20,1
856,139.65,337,4,2/23/14 22:57,2
857,22.59,215,3,3/23/16 14:16,2
858,80.45,90,2,9/28/15 18:25,1
859,62.3,409,2,10/26/13 11:57,1
860,35.21,1,2,6/26/14 10:50,1
861,128.96,482,3,5/28/16 22:28,2
862,159.02,43,5,7/24/13 12:16,1
863,171.52,103,5,4/23/16 13:17,1
864,19.39,106,4,4/24/15 12:41,1
865,61.1,375,4,6/26/15 14:47,2
866,3.69,26,5,3/27/15 21:03,2
867,95.65,398,4,6/26/13 15:50,2
868,102.05,301,4,7/24/15 21:10,1
869,197.34,296,2,5/22/14 13:53,2
870,107.03,62,3,9/22/16 17:53,1
871,168.74,39,3,6/28/14 19:33,2
872,140.27,462,3,5/28/14 10:23,1
873,93.19,203,2,3/23/15 14:46,2
874,111.55,460,3,8/26/13 13:51,2
875,165.8,343,2,4/28/13 18:55,2
876,96.43,219,3,6/25/16 10:04,2
877,138.43,60,3,8/26/16 12:18,2
878,25.55,456,3,8/23/16 22:17,2
879,145.69,71,4,3/24/16 17:28,2
880,130.23,312,1,4/27/14 18:09,2
881,128.66,21,1,5/23/13 16:01,1
882,192.37,50,1,3/25/15 15:13,2
883,156.7,104,2,3/25/13 15:57,1
884,55.11,143,4,8/26/16 18:36,1
885,35.37,70,3,7/28/13 12:27,2
886,142.47,156,5,2/25/15 18:58,1
887,26.31,365,5,4/26/15 14:18,2
888,170.15,238,4,3/23/15 23:12,2
889,72.46,327,2,5/27/14 19:13,1
890,17.71,88,2,7/24/15 20:55,2
891,88.98,193,5,4/25/16 22:48,2
892,30.74,148,5,4/26/16 21:15,1
893,153.21,209,1,10/22/13 21:45,2
894,86.04,123,2,7/27/16 16:50,2
895,172.1,160,5,6/24/13 10:06,2
896,140.14,334,2,4/28/15 14:09,2
897,107.5,158,3,7/25/15 20:15,1
898,136.28,163,2,5/22/14 18:50,1
899,123.55,188,5,10/23/13 20:14,1
900,1.48,164,3,7/24/13 16:28,1
901,17.56,276,2,6/28/13 19:13,2
902,174.09,372,2,7/27/16 19:23,2
903,13.17,2,5,7/27/16 17:02,1
904,116.78,374,5,7/22/13 17:26,1
905,160.37,252,2,8/23/16 13:04,2
906,136.43,240,4,10/28/16 19:23,2
907,55.73,415,2,4/22/14 14:17,2
908,65.52,57,5,8/23/13 10:50,2
909,48.7,76,4,8/22/15 21:38,1
910,177.62,404,2,8/23/15 10:26,2
911,198.23,268,3,8/27/14 19:34,2
912,67.86,304,4,5/23/14 17:25,2
913,147.57,76,5,9/28/14 13:39,2
914,63.81,423,1,7/25/15 13:04,2
915,106.81,370,2,9/23/15 16:43,1
916,90.74,104,3,7/24/15 19:01,2
917,178.19,280,3,5/28/14 23:39,1
918,164.54,250,5,2/23/13 18:35,2
919,40.66,224,5,5/24/14 23:48,2
920,162.26,71,3,2/25/16 22:26,1
921,86.78,163,4,2/25/14 22:04,1
922,48.65,497,1,2/24/13 23:36,1
923,185.54,123,2,4/28/14 11:19,1
924,182.59,295,1,4/27/13 16:01,1
925,52,214,3,3/24/15 19:43,1
926,149.61,109,3,4/26/14 15:40,2
927,108.92,322,3,8/23/14 10:50,1
928,134.59,410,2,5/24/16 23:09,2
929,21.42,311,2,7/26/16 21:22,2
930,156.35,331,4,7/28/14 17:28,1
931,139.75,208,1,4/24/14 14:03,1
932,57.09,79,4,6/25/14 18:52,2
933,190.35,488,2,6/28/13 12:29,2
934,50.66,233,4,8/24/14 14:39,2
935,22.18,480,5,6/22/16 15:25,1
936,178.93,372,4,8/28/14 14:01,2
937,85.73,385,5,3/22/15 13:23,1
938,17.54,199,3,8/26/16 16:01,1
939,138.3,176,5,4/24/16 18:32,1
940,28.3,132,1,8/25/16 20:53,2
941,151.23,166,2,3/25/14 23:07,1
942,55.74,294,5,5/25/16 21:25,2
943,65.36,220,4,6/23/13 15:44,2
944,83.43,242,4,8/23/16 12:14,1
945,106.61,407,4,6/27/14 14:33,2
946,61.57,414,4,2/27/13 23:28,1
947,80.9,468,5,6/24/15 10:07,2
948,152.33,448,5,4/24/15 14:28,2
949,169.9,24,2,7/28/16 15:20,1
950,83.45,260,4,4/28/15 19:40,1
951,118.38,294,2,4/27/16 20:23,2
952,176.49,62,2,5/26/13 19:52,2
953,45.92,86,1,5/28/15 21:53,1
954,137.96,415,2,4/24/16 21:54,2
955,108.24,468,4,7/28/15 11:16,2
956,139.64,96,4,6/26/14 12:48,1
957,29.03,199,3,4/27/16 16:15,1
958,24.63,482,3,6/25/16 13:02,1
959,86.52,488,1,8/23/16 14:22,2
960,163.46,63,3,4/27/15 10:39,2
961,9.25,168,5,5/24/16 23:52,1
962,39.41,471,5,8/24/14 17:54,1
963,82.99,112,4,5/23/14 21:34,2
964,83.63,451,2,3/28/14 21:27,1
965,170.21,1,4,4/28/15 22:52,2
966,51.66,231,1,8/27/15 16:54,1
967,155.04,5,5,6/27/13 19:43,1
968,77.47,340,4,6/22/15 14:30,2
969,86.83,185,2,5/23/16 14:18,2
970,199.43,421,5,8/25/15 18:47,1
971,19.91,397,2,3/23/13 10:53,2
972,125.19,91,4,9/22/13 15:35,2
973,52.48,338,3,1/23/15 10:46,1
974,191,249,1,3/25/14 14:53,1
975,1,166,2,4/23/13 10:26,2
976,91.67,313,3,5/26/15 18:47,1
977,59.26,338,2,4/26/13 13:32,2
978,0.2,8,4,7/24/14 16:53,1
979,191.58,442,1,4/27/13 19:39,1
980,27.93,315,3,4/27/16 17:34,2
981,109.87,54,2,4/28/14 10:34,2
982,64.65,351,1,5/27/15 19:56,2
983,192.66,397,1,8/27/15 12:29,1
984,178.25,222,3,7/26/16 16:49,2
985,64.44,363,2,3/23/15 17:26,1
986,46.91,407,3,6/26/13 11:41,1
987,108.61,382,5,2/22/13 21:36,1
988,35.06,189,4,7/23/13 11:53,1
989,83.39,247,2,6/28/14 23:38,2
990,105.22,129,4,3/26/15 23:14,2
991,122.01,251,3,4/28/16 19:01,2
992,85.52,492,5,6/23/13 15:30,2
993,176.44,257,2,5/22/13 13:01,1
994,172.6,228,1,6/22/14 16:41,2
995,53.9,5,1,2/25/15 13:32,1
996,146.12,68,5,7/24/15 11:15,1
997,112.3,299,1,2/23/16 17:31,1
998,167.79,153,3,7/28/13 21:26,2
999,128.12,234,4,1/25/14 13:28,2
1000,182.48,232,4,9/25/14 15:05,2